"country","countryCode","date","filterByKeyword","filterByRating","input","isAmazonVine","isProductPageReviewFromOtherCountry","isVerified","position","product/listPrice","product/price","productAsin","productOriginalAsin","ratingScore","reviewCategoryUrl","reviewDescription","reviewId","reviewImages/0","reviewReaction","reviewTitle","reviewUrl","reviewedIn","totalCategoryRatings","totalCategoryReviews","userId","userProfileLink","variant","variantAsin","variantAttributes/0/key","variantAttributes/0/value","variantAttributes/1/key","variantAttributes/1/value"
"United States",,"2025-05-21",,"allStars","https://www.amazon.com/Print-Shop-5-0-Professional-Impressive/dp/B07WSK3JS5/ref=pd_rhf_ee_s_pd_sbs_rvi_d_sccl_1_20/132-8474279-2690144?pd_rd_w=jBX3v&content-id=amzn1.sym.6640a844-ab24-4352-ac9b-78899e683a5e&pf_rd_p=6640a844-ab24-4352-ac9b-78899e683a5e&pf_rd_r=8PJF5C5K02K4NBQ02YRM&pd_rd_wg=arf7O&pd_rd_r=a4ea5dda-37ce-4956-965f-5c2a68487a3e&pd_rd_i=B07WSK3JS5&th=1","false","false","true","1",,,"B07WSK3JS5","B07WSK3JS5","1",,"The serial key is not right","R3K7QZHTRHHSPG",,,"The product is worthless without the serial code","https://www.amazon.com/gp/customer-reviews/R3K7QZHTRHHSPG/ref=cm_cr_dp_d_rvw_ttl?ie=UTF8&ASIN=B07WSK3JS5","Reviewed in the United States on May 21, 2025",,,"amzn1.account.AGF2CPDMF6TSMXOXWZFQQC24NGPQ","https://www.amazon.com/gp/profile/amzn1.account.AGF2CPDMF6TSMXOXWZFQQC24NGPQ/ref=cm_cr_dp_d_gw_tr?ie=UTF8","Platform: PC Download, Edition: Professional","B07WSK3JS5","Platform","PC Download","Edition","Professional"
"United States",,"2021-07-23",,"allStars","https://www.amazon.com/Print-Shop-5-0-Professional-Impressive/dp/B07WSK3JS5/ref=pd_rhf_ee_s_pd_sbs_rvi_d_sccl_1_20/132-8474279-2690144?pd_rd_w=jBX3v&content-id=amzn1.sym.6640a844-ab24-4352-ac9b-78899e683a5e&pf_rd_p=6640a844-ab24-4352-ac9b-78899e683a5e&pf_rd_r=8PJF5C5K02K4NBQ02YRM&pd_rd_wg=arf7O&pd_rd_r=a4ea5dda-37ce-4956-965f-5c2a68487a3e&pd_rd_i=B07WSK3JS5&th=1","false","false","true","2",,,"B07WSK3JS5","B07WSK3JS5","5",,"Amazing product","R3SQ0FLXPR89BT",,"One person found this helpful","Thanks Amazon","https://www.amazon.com/gp/customer-reviews/R3SQ0FLXPR89BT/ref=cm_cr_dp_d_rvw_ttl?ie=UTF8&ASIN=B07WSK3JS5","Reviewed in the United States on July 23, 2021",,,"amzn1.account.AE2NKYHC246YO6B3JKWO7XAPKOJA","https://www.amazon.com/gp/profile/amzn1.account.AE2NKYHC246YO6B3JKWO7XAPKOJA/ref=cm_cr_dp_d_gw_tr?ie=UTF8","Platform: PC Download, Edition: Professional","B07WSK3JS5","Platform","PC Download","Edition","Professional"
"United States",,"2025-02-25",,"allStars","https://www.amazon.com/Print-Shop-5-0-Professional-Impressive/dp/B07WSK3JS5/ref=pd_rhf_ee_s_pd_sbs_rvi_d_sccl_1_20/132-8474279-2690144?pd_rd_w=jBX3v&content-id=amzn1.sym.6640a844-ab24-4352-ac9b-78899e683a5e&pf_rd_p=6640a844-ab24-4352-ac9b-78899e683a5e&pf_rd_r=8PJF5C5K02K4NBQ02YRM&pd_rd_wg=arf7O&pd_rd_r=a4ea5dda-37ce-4956-965f-5c2a68487a3e&pd_rd_i=B07WSK3JS5&th=1","false","false","true","3",,,"B07WSK3JS5","B07WSK3JS5","1",,"Worst purchase I have ever made. They sent an activation code that never worked nor would they send a new one. Purchased something that I never got a chance to use. It’s not worth buying.","R101GEDUDI66AR",,,"Will not purchase ever again","https://www.amazon.com/gp/customer-reviews/R101GEDUDI66AR/ref=cm_cr_dp_d_rvw_ttl?ie=UTF8&ASIN=B07WSK3JS5","Reviewed in the United States on February 25, 2025",,,"amzn1.account.AGFXXSWV5D6JJ7EYXQ6RA6A2UIYA","https://www.amazon.com/gp/profile/amzn1.account.AGFXXSWV5D6JJ7EYXQ6RA6A2UIYA/ref=cm_cr_dp_d_gw_tr?ie=UTF8","Platform: PC Download, Edition: Professional","B07WSK3JS5","Platform","PC Download","Edition","Professional"
"United States",,"2025-04-17",,"allStars","https://www.amazon.com/Print-Shop-5-0-Professional-Impressive/dp/B07WSK3JS5/ref=pd_rhf_ee_s_pd_sbs_rvi_d_sccl_1_20/132-8474279-2690144?pd_rd_w=jBX3v&content-id=amzn1.sym.6640a844-ab24-4352-ac9b-78899e683a5e&pf_rd_p=6640a844-ab24-4352-ac9b-78899e683a5e&pf_rd_r=8PJF5C5K02K4NBQ02YRM&pd_rd_wg=arf7O&pd_rd_r=a4ea5dda-37ce-4956-965f-5c2a68487a3e&pd_rd_i=B07WSK3JS5&th=1","false","false","true","4",,,"B07WSK3JS5","B07WSK3JS5","3",,"I cannot get this product to activate. I cannot seem to find out how to talk to customer service.  Product key doesn't work.","R2MW052W2Z4AGC",,,"PS5E-M3V2-XWE3-4PNP","https://www.amazon.com/gp/customer-reviews/R2MW052W2Z4AGC/ref=cm_cr_dp_d_rvw_ttl?ie=UTF8&ASIN=B07WSK3JS5","Reviewed in the United States on April 17, 2025",,,"amzn1.account.AGPALTZHRXYDHPM6BJJH7LY2JFVA","https://www.amazon.com/gp/profile/amzn1.account.AGPALTZHRXYDHPM6BJJH7LY2JFVA/ref=cm_cr_dp_d_gw_tr?ie=UTF8","Platform: PC Download, Edition: Professional","B07WSK3JS5","Platform","PC Download","Edition","Professional"
"United States",,"2020-01-12",,"allStars","https://www.amazon.com/Print-Shop-5-0-Professional-Impressive/dp/B07WSK3JS5/ref=pd_rhf_ee_s_pd_sbs_rvi_d_sccl_1_20/132-8474279-2690144?pd_rd_w=jBX3v&content-id=amzn1.sym.6640a844-ab24-4352-ac9b-78899e683a5e&pf_rd_p=6640a844-ab24-4352-ac9b-78899e683a5e&pf_rd_r=8PJF5C5K02K4NBQ02YRM&pd_rd_wg=arf7O&pd_rd_r=a4ea5dda-37ce-4956-965f-5c2a68487a3e&pd_rd_i=B07WSK3JS5&th=1","false","false","true","5",,,"B07WSK3JS5","B07WSK3JS5","5",,"Bought for my mothers boyfriend for his tattoo shop.","R35QTCFY962U6L",,"2 people found this helpful","Stenicils","https://www.amazon.com/gp/customer-reviews/R35QTCFY962U6L/ref=cm_cr_dp_d_rvw_ttl?ie=UTF8&ASIN=B07WSK3JS5","Reviewed in the United States on January 12, 2020",,,"amzn1.account.AHWCW3BTUFXGKPJPHDHVQ7DFSIBQ","https://www.amazon.com/gp/profile/amzn1.account.AHWCW3BTUFXGKPJPHDHVQ7DFSIBQ/ref=cm_cr_dp_d_gw_tr?ie=UTF8","Platform: PC Download, Edition: Professional","B07WSK3JS5","Platform","PC Download","Edition","Professional"
"United States",,"2023-11-06",,"allStars","https://www.amazon.com/Print-Shop-5-0-Professional-Impressive/dp/B07WSK3JS5/ref=pd_rhf_ee_s_pd_sbs_rvi_d_sccl_1_20/132-8474279-2690144?pd_rd_w=jBX3v&content-id=amzn1.sym.6640a844-ab24-4352-ac9b-78899e683a5e&pf_rd_p=6640a844-ab24-4352-ac9b-78899e683a5e&pf_rd_r=8PJF5C5K02K4NBQ02YRM&pd_rd_wg=arf7O&pd_rd_r=a4ea5dda-37ce-4956-965f-5c2a68487a3e&pd_rd_i=B07WSK3JS5&th=1","false","false","true","6",,,"B07WSK3JS5","B07WSK3JS5","1",,"I get an error message when trying to download this product that says it could not be downloaded due to virus scan failed. I have tried everything in suggestions to get this to download with no luck. I would like to receive either a disc so I can download this or get my money back!!!","R1THIC91HFW9XN",,"One person found this helpful","Could not get this product to download","https://www.amazon.com/gp/customer-reviews/R1THIC91HFW9XN/ref=cm_cr_dp_d_rvw_ttl?ie=UTF8&ASIN=B07WSK3JS5","Reviewed in the United States on November 6, 2023",,,"amzn1.account.AHSSB257UGMQKGLZZXJ7OY23ZHQQ","https://www.amazon.com/gp/profile/amzn1.account.AHSSB257UGMQKGLZZXJ7OY23ZHQQ/ref=cm_cr_dp_d_gw_tr?ie=UTF8","Platform: PC Download, Edition: Professional","B07WSK3JS5","Platform","PC Download","Edition","Professional"
"United States",,"2022-09-26",,"allStars","https://www.amazon.com/Print-Shop-5-0-Professional-Impressive/dp/B07WSK3JS5/ref=pd_rhf_ee_s_pd_sbs_rvi_d_sccl_1_20/132-8474279-2690144?pd_rd_w=jBX3v&content-id=amzn1.sym.6640a844-ab24-4352-ac9b-78899e683a5e&pf_rd_p=6640a844-ab24-4352-ac9b-78899e683a5e&pf_rd_r=8PJF5C5K02K4NBQ02YRM&pd_rd_wg=arf7O&pd_rd_r=a4ea5dda-37ce-4956-965f-5c2a68487a3e&pd_rd_i=B07WSK3JS5&th=1","false","false","true","7",,,"B07WSK3JS5","B07WSK3JS5","1",,"when i try to run this software  it says to register it so i try and it says system cannot find the specified file or check my internet my  internet is fine i have allowed it all through my windows firewall and security nothing is working...plz give me a refund","RD5LHCN920KOD",,"One person found this helpful","junk","https://www.amazon.com/gp/customer-reviews/RD5LHCN920KOD/ref=cm_cr_dp_d_rvw_ttl?ie=UTF8&ASIN=B07WSK3JS5","Reviewed in the United States on September 26, 2022",,,"amzn1.account.AHPV2JEFN5DOWXIUIFFOEZQ5T5VQ","https://www.amazon.com/gp/profile/amzn1.account.AHPV2JEFN5DOWXIUIFFOEZQ5T5VQ/ref=cm_cr_dp_d_gw_tr?ie=UTF8","Platform: PC Download, Edition: Professional","B07WSK3JS5","Platform","PC Download","Edition","Professional"
"United States",,"2023-01-06",,"allStars","https://www.amazon.com/Print-Shop-5-0-Professional-Impressive/dp/B07WSK3JS5/ref=pd_rhf_ee_s_pd_sbs_rvi_d_sccl_1_20/132-8474279-2690144?pd_rd_w=jBX3v&content-id=amzn1.sym.6640a844-ab24-4352-ac9b-78899e683a5e&pf_rd_p=6640a844-ab24-4352-ac9b-78899e683a5e&pf_rd_r=8PJF5C5K02K4NBQ02YRM&pd_rd_wg=arf7O&pd_rd_r=a4ea5dda-37ce-4956-965f-5c2a68487a3e&pd_rd_i=B07WSK3JS5&th=1","false","false","false","8",,,"B07WSK3JS5","B07WSK3JS5","5",,"Used it for many years, it's the best value for money.  Comes with tons of free templates. Easy to install and use.","R33UZVE8XCSVK6",,,"Best card design program for the money","https://www.amazon.com/gp/customer-reviews/R33UZVE8XCSVK6/ref=cm_cr_dp_d_rvw_ttl?ie=UTF8&ASIN=B07WSK3JS5","Reviewed in the United States on January 6, 2023",,,"amzn1.account.AFBSHW4TCKWAO67CB7TDAS2WEKYA","https://www.amazon.com/gp/profile/amzn1.account.AFBSHW4TCKWAO67CB7TDAS2WEKYA/ref=cm_cr_dp_d_gw_tr?ie=UTF8","Platform: PC Download, Edition: Professional","B07WSK3JS5","Platform","PC Download","Edition","Professional"
"United States",,"2025-01-25",,"allStars","https://www.amazon.com/Greeting-Card-Factory-Deluxe-Download/dp/B0751L8GQ5/ref=pd_rhf_ee_s_pd_sbs_rvi_d_sccl_1_9/132-8474279-2690144?pd_rd_w=jBX3v&content-id=amzn1.sym.6640a844-ab24-4352-ac9b-78899e683a5e&pf_rd_p=6640a844-ab24-4352-ac9b-78899e683a5e&pf_rd_r=8PJF5C5K02K4NBQ02YRM&pd_rd_wg=arf7O&pd_rd_r=a4ea5dda-37ce-4956-965f-5c2a68487a3e&pd_rd_i=B0751L8GQ5&psc=1","false","false","true","1",,,"B0751L8GQ5","B0751L8GQ5","5",,"I love to make my own greeting cards and this program is so easy to use.  Well worth the price and the savings are great.","R39K0081KS8JFB",,"One person found this helpful","Love this product.","https://www.amazon.com/gp/customer-reviews/R39K0081KS8JFB/ref=cm_cr_dp_d_rvw_ttl?ie=UTF8&ASIN=B0751L8GQ5","Reviewed in the United States on January 25, 2025",,,"amzn1.account.AF3G6PDUZ57ENB4M2HTJENPDNLKA","https://www.amazon.com/gp/profile/amzn1.account.AF3G6PDUZ57ENB4M2HTJENPDNLKA/ref=cm_cr_dp_d_gw_tr?ie=UTF8","","B0751L8GQ5",,,,
"United States",,"2025-05-01",,"allStars","https://www.amazon.com/Greeting-Card-Factory-Deluxe-Download/dp/B0751L8GQ5/ref=pd_rhf_ee_s_pd_sbs_rvi_d_sccl_1_9/132-8474279-2690144?pd_rd_w=jBX3v&content-id=amzn1.sym.6640a844-ab24-4352-ac9b-78899e683a5e&pf_rd_p=6640a844-ab24-4352-ac9b-78899e683a5e&pf_rd_r=8PJF5C5K02K4NBQ02YRM&pd_rd_wg=arf7O&pd_rd_r=a4ea5dda-37ce-4956-965f-5c2a68487a3e&pd_rd_i=B0751L8GQ5&psc=1","false","false","true","2",,,"B0751L8GQ5","B0751L8GQ5","1",,"I had an older version of this software, loved it, but unfortunately when my computer had to be replaced I could no longer use the old version.  So I figured since I enjoyed my older version and I was comfortable with how it worked.  Why not rebuy.  Boy was I wrong!  Not user friendly anymore.  The instructions when asking how to are so blatantly comfusing. Half the function are not comparable with my printer.  It certainly was not worth the $50 I paid for it.  The download speed made no difference to me.  My old version had 5 separate discs that had to be downloaded.  This certainly is a huge downgrade from my old version.  Someone should back and compare the old to the new version to see where it all went wrong.  Would NOT recommend.","R2A169VW24ZTZR",,,"Disappointing, no very disappointing","https://www.amazon.com/gp/customer-reviews/R2A169VW24ZTZR/ref=cm_cr_dp_d_rvw_ttl?ie=UTF8&ASIN=B0751L8GQ5","Reviewed in the United States on May 1, 2025",,,"amzn1.account.AFKXKZ36QZFK7X35QAQLMOSGKNBA","https://www.amazon.com/gp/profile/amzn1.account.AFKXKZ36QZFK7X35QAQLMOSGKNBA/ref=cm_cr_dp_d_gw_tr?ie=UTF8","","B0751L8GQ5",,,,
"United States",,"2025-05-07",,"allStars","https://www.amazon.com/Greeting-Card-Factory-Deluxe-Download/dp/B0751L8GQ5/ref=pd_rhf_ee_s_pd_sbs_rvi_d_sccl_1_9/132-8474279-2690144?pd_rd_w=jBX3v&content-id=amzn1.sym.6640a844-ab24-4352-ac9b-78899e683a5e&pf_rd_p=6640a844-ab24-4352-ac9b-78899e683a5e&pf_rd_r=8PJF5C5K02K4NBQ02YRM&pd_rd_wg=arf7O&pd_rd_r=a4ea5dda-37ce-4956-965f-5c2a68487a3e&pd_rd_i=B0751L8GQ5&psc=1","false","false","true","3",,,"B0751L8GQ5","B0751L8GQ5","4",,"I have used this product over a number of years but moved away from it because I prefer making cards using borderless printing. The software I'm currently using will unfortunately be retired at the end of 2026, so I'm planning ahead. I was hoping Greeting Card Factory would offer borderless printing after all these years, but it does not. I'd really like to encourage them to include this option. I would give them 5 star if they added this feature. I do like the fact they haven't removed the purchase plan. I stay away from software that requires paying a monthly fee.","R2SS3LFXKM3B2Z",,,"Would Be Excellent If One Tweek Was Added","https://www.amazon.com/gp/customer-reviews/R2SS3LFXKM3B2Z/ref=cm_cr_dp_d_rvw_ttl?ie=UTF8&ASIN=B0751L8GQ5","Reviewed in the United States on May 7, 2025",,,"amzn1.account.AEBGX3NBFQD3FOW54DIIRZX2DURA","https://www.amazon.com/gp/profile/amzn1.account.AEBGX3NBFQD3FOW54DIIRZX2DURA/ref=cm_cr_dp_d_gw_tr?ie=UTF8","","B0751L8GQ5",,,,
"United States",,"2025-03-02",,"allStars","https://www.amazon.com/Greeting-Card-Factory-Deluxe-Download/dp/B0751L8GQ5/ref=pd_rhf_ee_s_pd_sbs_rvi_d_sccl_1_9/132-8474279-2690144?pd_rd_w=jBX3v&content-id=amzn1.sym.6640a844-ab24-4352-ac9b-78899e683a5e&pf_rd_p=6640a844-ab24-4352-ac9b-78899e683a5e&pf_rd_r=8PJF5C5K02K4NBQ02YRM&pd_rd_wg=arf7O&pd_rd_r=a4ea5dda-37ce-4956-965f-5c2a68487a3e&pd_rd_i=B0751L8GQ5&psc=1","false","false","true","4",,,"B0751L8GQ5","B0751L8GQ5","5",,"makes to most beautiful cards and stationary","R338U2KGD2GZP1",,,"card studio program","https://www.amazon.com/gp/customer-reviews/R338U2KGD2GZP1/ref=cm_cr_dp_d_rvw_ttl?ie=UTF8&ASIN=B0751L8GQ5","Reviewed in the United States on March 2, 2025",,,"amzn1.account.AEKRMI5NTZFJJMHQRZNH3CNM5KXQ","https://www.amazon.com/gp/profile/amzn1.account.AEKRMI5NTZFJJMHQRZNH3CNM5KXQ/ref=cm_cr_dp_d_gw_tr?ie=UTF8","","B0751L8GQ5",,,,
"United States",,"2025-01-19",,"allStars","https://www.amazon.com/Greeting-Card-Factory-Deluxe-Download/dp/B0751L8GQ5/ref=pd_rhf_ee_s_pd_sbs_rvi_d_sccl_1_9/132-8474279-2690144?pd_rd_w=jBX3v&content-id=amzn1.sym.6640a844-ab24-4352-ac9b-78899e683a5e&pf_rd_p=6640a844-ab24-4352-ac9b-78899e683a5e&pf_rd_r=8PJF5C5K02K4NBQ02YRM&pd_rd_wg=arf7O&pd_rd_r=a4ea5dda-37ce-4956-965f-5c2a68487a3e&pd_rd_i=B0751L8GQ5&psc=1","false","false","true","5",,,"B0751L8GQ5","B0751L8GQ5","1",,"Program works well. Have used it for years on other computers and downloaded from Nova worked fine. But this download from Amazon saves files as fsg, they won't open after being saved. That's a huge problem for me. Very disappointed.","R29OJQQLPKEFIN",,"One person found this helpful","Can't open saved files","https://www.amazon.com/gp/customer-reviews/R29OJQQLPKEFIN/ref=cm_cr_dp_d_rvw_ttl?ie=UTF8&ASIN=B0751L8GQ5","Reviewed in the United States on January 19, 2025",,,"amzn1.account.AGORQ2ISLPVUTZBSSWKQRRWKGJYQ","https://www.amazon.com/gp/profile/amzn1.account.AGORQ2ISLPVUTZBSSWKQRRWKGJYQ/ref=cm_cr_dp_d_gw_tr?ie=UTF8","","B0751L8GQ5",,,,
"United States",,"2025-02-06",,"allStars","https://www.amazon.com/Greeting-Card-Factory-Deluxe-Download/dp/B0751L8GQ5/ref=pd_rhf_ee_s_pd_sbs_rvi_d_sccl_1_9/132-8474279-2690144?pd_rd_w=jBX3v&content-id=amzn1.sym.6640a844-ab24-4352-ac9b-78899e683a5e&pf_rd_p=6640a844-ab24-4352-ac9b-78899e683a5e&pf_rd_r=8PJF5C5K02K4NBQ02YRM&pd_rd_wg=arf7O&pd_rd_r=a4ea5dda-37ce-4956-965f-5c2a68487a3e&pd_rd_i=B0751L8GQ5&psc=1","false","false","true","6",,,"B0751L8GQ5","B0751L8GQ5","5",,"Nice Christmas message","R2EKF13OUGGN2E",,,"Good quality","https://www.amazon.com/gp/customer-reviews/R2EKF13OUGGN2E/ref=cm_cr_dp_d_rvw_ttl?ie=UTF8&ASIN=B0751L8GQ5","Reviewed in the United States on February 6, 2025",,,"amzn1.account.AGDDM2E7WLMTDFG56LJOI6UEF5IQ","https://www.amazon.com/gp/profile/amzn1.account.AGDDM2E7WLMTDFG56LJOI6UEF5IQ/ref=cm_cr_dp_d_gw_tr?ie=UTF8","","B0751L8GQ5",,,,
"United States",,"2024-08-04",,"allStars","https://www.amazon.com/Greeting-Card-Factory-Deluxe-Download/dp/B0751L8GQ5/ref=pd_rhf_ee_s_pd_sbs_rvi_d_sccl_1_9/132-8474279-2690144?pd_rd_w=jBX3v&content-id=amzn1.sym.6640a844-ab24-4352-ac9b-78899e683a5e&pf_rd_p=6640a844-ab24-4352-ac9b-78899e683a5e&pf_rd_r=8PJF5C5K02K4NBQ02YRM&pd_rd_wg=arf7O&pd_rd_r=a4ea5dda-37ce-4956-965f-5c2a68487a3e&pd_rd_i=B0751L8GQ5&psc=1","false","false","true","7",,,"B0751L8GQ5","B0751L8GQ5","5",,"Ease of downloading the program.","R2M8G6MG24BY5Y",,"One person found this helpful","Easy to use","https://www.amazon.com/gp/customer-reviews/R2M8G6MG24BY5Y/ref=cm_cr_dp_d_rvw_ttl?ie=UTF8&ASIN=B0751L8GQ5","Reviewed in the United States on August 4, 2024",,,"amzn1.account.AGWGS5M4BX4LTWL27LOHOWORTW6A","https://www.amazon.com/gp/profile/amzn1.account.AGWGS5M4BX4LTWL27LOHOWORTW6A/ref=cm_cr_dp_d_gw_tr?ie=UTF8","","B0751L8GQ5",,,,
"United States",,"2023-01-27",,"allStars","https://www.amazon.com/Greeting-Card-Factory-Deluxe-Download/dp/B0751L8GQ5/ref=pd_rhf_ee_s_pd_sbs_rvi_d_sccl_1_9/132-8474279-2690144?pd_rd_w=jBX3v&content-id=amzn1.sym.6640a844-ab24-4352-ac9b-78899e683a5e&pf_rd_p=6640a844-ab24-4352-ac9b-78899e683a5e&pf_rd_r=8PJF5C5K02K4NBQ02YRM&pd_rd_wg=arf7O&pd_rd_r=a4ea5dda-37ce-4956-965f-5c2a68487a3e&pd_rd_i=B0751L8GQ5&psc=1","false","false","true","8",,,"B0751L8GQ5","B0751L8GQ5","3",,"Love my Hallmark software and thought I'd add to my options, but I've found little in this package that I'd consider using. Artwork is old fashioned and sentiments are cliched and cheesy. Sorry I paid good money for this awful package. I will stick with Hallmark.","R3OWBIPIGNDL7F",,"One person found this helpful","Designs and Texts Very Outdated","https://www.amazon.com/gp/customer-reviews/R3OWBIPIGNDL7F/ref=cm_cr_dp_d_rvw_ttl?ie=UTF8&ASIN=B0751L8GQ5","Reviewed in the United States on January 27, 2023",,,"amzn1.account.AHRILLOQMURRLMOYGRUM2PWHUU6Q","https://www.amazon.com/gp/profile/amzn1.account.AHRILLOQMURRLMOYGRUM2PWHUU6Q/ref=cm_cr_dp_d_gw_tr?ie=UTF8","","B0751L8GQ5",,,,
"United States",,"2020-11-15",,"allStars","https://www.amazon.com/Print-Shop-Professional-6-0-Download/dp/B0828NBZXC/ref=pd_rhf_ee_s_pd_sbs_rvi_d_sccl_1_18/132-8474279-2690144?pd_rd_w=jBX3v&content-id=amzn1.sym.6640a844-ab24-4352-ac9b-78899e683a5e&pf_rd_p=6640a844-ab24-4352-ac9b-78899e683a5e&pf_rd_r=8PJF5C5K02K4NBQ02YRM&pd_rd_wg=arf7O&pd_rd_r=a4ea5dda-37ce-4956-965f-5c2a68487a3e&pd_rd_i=B0828NBZXC&psc=1","false","false","true","1",,,"B0828NBZXC","B0828NBZXC","1",,"firstly-i upgraded to the professional version after the deluxe did not do what the user guide online said it did---after upgrading and installing-the software crashes constantly-the program is slow slow you wait 2-3 minutes just to view the clipart you want to insert. you cannot view the rulers and gridlines on the pages. They come and go at will. It will not print the projects most of the time. The calendar function does not work-it will not add personal events-it will not even add the US Holidays. When opening projects it will remain giving you a message that says rendering work but will not go any further until cancelling the request at which time the project opens. I have emailed customer support through broderbund-no response yet. I even questioned my computer's capability (knowing I met the requirements) had to tech guy to remote view in and watch--he told me MY COMPUTER was not the issue! This software is crap!","R3TDVOBBDUO1OZ",,"13 people found this helpful","This program is TERRIBLE","https://www.amazon.com/gp/customer-reviews/R3TDVOBBDUO1OZ/ref=cm_cr_dp_d_rvw_ttl?ie=UTF8&ASIN=B0828NBZXC","Reviewed in the United States on November 15, 2020",,,"amzn1.account.AH5SZV3G6PYHAWKOBYDZS6XPN6DA","https://www.amazon.com/gp/profile/amzn1.account.AH5SZV3G6PYHAWKOBYDZS6XPN6DA/ref=cm_cr_dp_d_gw_tr?ie=UTF8","","B0828NBZXC",,,,
"United States",,"2023-09-28",,"allStars","https://www.amazon.com/Print-Shop-Professional-6-0-Download/dp/B0828NBZXC/ref=pd_rhf_ee_s_pd_sbs_rvi_d_sccl_1_18/132-8474279-2690144?pd_rd_w=jBX3v&content-id=amzn1.sym.6640a844-ab24-4352-ac9b-78899e683a5e&pf_rd_p=6640a844-ab24-4352-ac9b-78899e683a5e&pf_rd_r=8PJF5C5K02K4NBQ02YRM&pd_rd_wg=arf7O&pd_rd_r=a4ea5dda-37ce-4956-965f-5c2a68487a3e&pd_rd_i=B0828NBZXC&psc=1","false","false","true","2",,,"B0828NBZXC","B0828NBZXC","5",,"I have used Print Shop products for years and the Professional version in specific. I find it to be able to do anything I need from business cards to websites.","R28H6T1OQ0APAE",,,"Great Destop Publishing Program","https://www.amazon.com/gp/customer-reviews/R28H6T1OQ0APAE/ref=cm_cr_dp_d_rvw_ttl?ie=UTF8&ASIN=B0828NBZXC","Reviewed in the United States on September 28, 2023",,,"amzn1.account.AEZ2QSYRB2HENYUCXOTAIHS6BKWQ","https://www.amazon.com/gp/profile/amzn1.account.AEZ2QSYRB2HENYUCXOTAIHS6BKWQ/ref=cm_cr_dp_d_gw_tr?ie=UTF8","","B0828NBZXC",,,,
"United States",,"2023-03-04",,"allStars","https://www.amazon.com/Print-Shop-Professional-6-0-Download/dp/B0828NBZXC/ref=pd_rhf_ee_s_pd_sbs_rvi_d_sccl_1_18/132-8474279-2690144?pd_rd_w=jBX3v&content-id=amzn1.sym.6640a844-ab24-4352-ac9b-78899e683a5e&pf_rd_p=6640a844-ab24-4352-ac9b-78899e683a5e&pf_rd_r=8PJF5C5K02K4NBQ02YRM&pd_rd_wg=arf7O&pd_rd_r=a4ea5dda-37ce-4956-965f-5c2a68487a3e&pd_rd_i=B0828NBZXC&psc=1","false","false","true","3",,,"B0828NBZXC","B0828NBZXC","1",,"I took 3 tries to get it to install. It takes a very long time. After the third attempt to install, it finally put the icon on the desktop. Still will not allow me to activate my license. I have been working on this installation for 5 hours and I'm still not up and running. very unhappy.as of 3/6 I’m reporting this as a fraudulent purchase. It does not activate and is absolutely USELESS. I WILL REPORT IT TO MY CREDIT CARD AS FRAUD.","R1KFYMFI66D17A",,"6 people found this helpful","Does Not Allow Activation","https://www.amazon.com/gp/customer-reviews/R1KFYMFI66D17A/ref=cm_cr_dp_d_rvw_ttl?ie=UTF8&ASIN=B0828NBZXC","Reviewed in the United States on March 4, 2023",,,"amzn1.account.AEGZRIJLEUMADSTLKH6YMSSB3THA","https://www.amazon.com/gp/profile/amzn1.account.AEGZRIJLEUMADSTLKH6YMSSB3THA/ref=cm_cr_dp_d_gw_tr?ie=UTF8","","B0828NBZXC",,,,
"United States",,"2023-03-14",,"allStars","https://www.amazon.com/Print-Shop-Professional-6-0-Download/dp/B0828NBZXC/ref=pd_rhf_ee_s_pd_sbs_rvi_d_sccl_1_18/132-8474279-2690144?pd_rd_w=jBX3v&content-id=amzn1.sym.6640a844-ab24-4352-ac9b-78899e683a5e&pf_rd_p=6640a844-ab24-4352-ac9b-78899e683a5e&pf_rd_r=8PJF5C5K02K4NBQ02YRM&pd_rd_wg=arf7O&pd_rd_r=a4ea5dda-37ce-4956-965f-5c2a68487a3e&pd_rd_i=B0828NBZXC&psc=1","false","false","false","4",,,"B0828NBZXC","B0828NBZXC","4",,"I have been using Printshop software since the olden days. (12 years or more?) It is a one time fee and you own it software so you don't have to pay every month thank god. Over the years I have had challenges when I first install it which are usually overcome if I persist, try and try again. The last time I installed I just left the PC on overnight and somehow it resolved the installation problem while I was sleeping. Anyway once you get it installed it is worth it to persist in learning any new updates. I have seen too many reviews where the reviewer claims they couldn't do something and it seems to me they just didn't want to learn a newer or updated way. I am really hooked on this software. I make greeting cards, paint party kits see photo all printed materials were made with printshop professional 5, marketing materials, and lots more. The ""my projects"" section becomes a gallery of all my photographed art works which I print out to include in craft shows application. Christmas letters and greeting cards are fun to make with this software. I tried the other really big name pricey software and was bled dry and overwhelmed by it. This software is simple and more intuitive once you get the hang of it.","R3EJYUIN4KDNBE","https://m.media-amazon.com/images/I/51pwWJ6E00L._SY88.jpg","7 people found this helpful","I've been using the affordable Printshop softwares for years and years.","https://www.amazon.com/gp/customer-reviews/R3EJYUIN4KDNBE/ref=cm_cr_dp_d_rvw_ttl?ie=UTF8&ASIN=B0828NBZXC","Reviewed in the United States on March 14, 2023",,,"amzn1.account.AH6KHG5GSIYVUVDQN2A35UG5MGVQ","https://www.amazon.com/gp/profile/amzn1.account.AH6KHG5GSIYVUVDQN2A35UG5MGVQ/ref=cm_cr_dp_d_gw_tr?ie=UTF8","","B0828NBZXC",,,,
"United States",,"2023-10-19",,"allStars","https://www.amazon.com/Print-Shop-Professional-6-0-Download/dp/B0828NBZXC/ref=pd_rhf_ee_s_pd_sbs_rvi_d_sccl_1_18/132-8474279-2690144?pd_rd_w=jBX3v&content-id=amzn1.sym.6640a844-ab24-4352-ac9b-78899e683a5e&pf_rd_p=6640a844-ab24-4352-ac9b-78899e683a5e&pf_rd_r=8PJF5C5K02K4NBQ02YRM&pd_rd_wg=arf7O&pd_rd_r=a4ea5dda-37ce-4956-965f-5c2a68487a3e&pd_rd_i=B0828NBZXC&psc=1","false","false","false","5",,,"B0828NBZXC","B0828NBZXC","5",,"I really like the program, its easy to use and comes with tons of free content that others charge for","R35XQTURYVCFJA",,,"Good selection of content, all time, best value","https://www.amazon.com/gp/customer-reviews/R35XQTURYVCFJA/ref=cm_cr_dp_d_rvw_ttl?ie=UTF8&ASIN=B0828NBZXC","Reviewed in the United States on October 19, 2023",,,"amzn1.account.AFBSHW4TCKWAO67CB7TDAS2WEKYA","https://www.amazon.com/gp/profile/amzn1.account.AFBSHW4TCKWAO67CB7TDAS2WEKYA/ref=cm_cr_dp_d_gw_tr?ie=UTF8","","B0828NBZXC",,,,
"United States",,"2021-03-22",,"allStars","https://www.amazon.com/Print-Shop-Professional-6-0-Download/dp/B0828NBZXC/ref=pd_rhf_ee_s_pd_sbs_rvi_d_sccl_1_18/132-8474279-2690144?pd_rd_w=jBX3v&content-id=amzn1.sym.6640a844-ab24-4352-ac9b-78899e683a5e&pf_rd_p=6640a844-ab24-4352-ac9b-78899e683a5e&pf_rd_r=8PJF5C5K02K4NBQ02YRM&pd_rd_wg=arf7O&pd_rd_r=a4ea5dda-37ce-4956-965f-5c2a68487a3e&pd_rd_i=B0828NBZXC&psc=1","false","false","true","6",,,"B0828NBZXC","B0828NBZXC","1",,"It downloaded fine, but I do not like its new style.  It's harder to find images I want, and it seems that there are a lot of new images that I consider ugly or stupid.  The older version is much more user-friendly and logical.  I've used Print Shop for years, and I am very disappointed in this particular version.UPDATE!Now that I've had a chance to really get into this newer version of Print Shop, I can honestly say that I HATE IT!  I find it cumbersome, inconvenient, and slow.  Searching for an image takes an inordinate amount of time because first, you have to enter two filters (which I had to figure out how to do by myself).  Then, after your chosen category and sub-category finally load, you scroll through the pages of images.  Each page takes almost a minute to load.  Then, when you select an image, it takes more time to load.  Then, when you return to your filtered images, you end up right back on the first page, where you had started so long ago!  So, if you had progressed through to, say, page 7, now you have to ""thumb"" your way back from page 1 to where you had left off.And, let's talk about the images.  Most are ugly, in my opinion.  What happened to the nice images I used to use with my previous versions of Print Shop?  Maybe I just can't find them among all the new, stupid-looking cartoons.  All I know is that I usually cannot find what I want now.So, I was working on a project, and I wanted to do some editing of an image.  I simply wanted to change the color of the lines.  No can do!  At least, I couldn't figure out how to achieve this small task in the hour I spent trying.  Then, I wanted to add some color to some cells on a calendar page.  I was able to achieve that, however, at one point, the program just stopped letting me access the editing feature.  Just stopped.  I couldn't do anything more to my calendar page.Now, I have a brand new HP Pavilion computer with Windows 10.  It is a fantastic computer...lots more storage capacity than any other computer I have used at home and at work.  And it's FAST!  I also have Xfinity High Speed Wireless service.  So, I know the issues I'm having with this version of Print Shop have nothing to do with my computer or Internet service!BOTTOM LINE!  Since returns are not allowed, I will be looking for a different program to meet my desktop publishing needs.  I am done with Print Shop!  Any ideas out there?  I would love to know what other programs folks are using and really like!","R3R180VL78HRRD",,"18 people found this helpful","I don't like it. AT. ALL.","https://www.amazon.com/gp/customer-reviews/R3R180VL78HRRD/ref=cm_cr_dp_d_rvw_ttl?ie=UTF8&ASIN=B0828NBZXC","Reviewed in the United States on March 22, 2021",,,"amzn1.account.AEJYZOXX6STVGBZKWYW2PPZ7YYTA","https://www.amazon.com/gp/profile/amzn1.account.AEJYZOXX6STVGBZKWYW2PPZ7YYTA/ref=cm_cr_dp_d_gw_tr?ie=UTF8","","B0828NBZXC",,,,
"United States",,"2023-04-26",,"allStars","https://www.amazon.com/Print-Shop-Professional-6-0-Download/dp/B0828NBZXC/ref=pd_rhf_ee_s_pd_sbs_rvi_d_sccl_1_18/132-8474279-2690144?pd_rd_w=jBX3v&content-id=amzn1.sym.6640a844-ab24-4352-ac9b-78899e683a5e&pf_rd_p=6640a844-ab24-4352-ac9b-78899e683a5e&pf_rd_r=8PJF5C5K02K4NBQ02YRM&pd_rd_wg=arf7O&pd_rd_r=a4ea5dda-37ce-4956-965f-5c2a68487a3e&pd_rd_i=B0828NBZXC&psc=1","false","false","true","7",,,"B0828NBZXC","B0828NBZXC","1",,"I was able to download and install without a problem. The activation key provided does not work. Amazon told me to contact the manufacturer and the manufacturer has yet to provide a valid activation key. They initially responded to ask for the activation key provided through Amazon. I provided that to them and that was 3 days ago. I have not received any further assistance from the manufacturer. I have a digital product that is basically useless.","R1LUAHBBSXHCJU",,"3 people found this helpful","Activation Key Invalid","https://www.amazon.com/gp/customer-reviews/R1LUAHBBSXHCJU/ref=cm_cr_dp_d_rvw_ttl?ie=UTF8&ASIN=B0828NBZXC","Reviewed in the United States on April 26, 2023",,,"amzn1.account.AHTJCLVMBUHPIQKOM62RK7VONPOA","https://www.amazon.com/gp/profile/amzn1.account.AHTJCLVMBUHPIQKOM62RK7VONPOA/ref=cm_cr_dp_d_gw_tr?ie=UTF8","","B0828NBZXC",,,,
"United States",,"2023-05-14",,"allStars","https://www.amazon.com/Print-Shop-Professional-6-0-Download/dp/B0828NBZXC/ref=pd_rhf_ee_s_pd_sbs_rvi_d_sccl_1_18/132-8474279-2690144?pd_rd_w=jBX3v&content-id=amzn1.sym.6640a844-ab24-4352-ac9b-78899e683a5e&pf_rd_p=6640a844-ab24-4352-ac9b-78899e683a5e&pf_rd_r=8PJF5C5K02K4NBQ02YRM&pd_rd_wg=arf7O&pd_rd_r=a4ea5dda-37ce-4956-965f-5c2a68487a3e&pd_rd_i=B0828NBZXC&psc=1","false","false","true","8",,,"B0828NBZXC","B0828NBZXC","1",,"I have wasted nearly 6 hours trying to get this stupid software to activate. Still no results. It is impossible to contact Amazon Customer Service to rectify this problem, this totally sucks.","RZ88HXXU89LFO",,"2 people found this helpful","Software will not activate. Total stressor.","https://www.amazon.com/gp/customer-reviews/RZ88HXXU89LFO/ref=cm_cr_dp_d_rvw_ttl?ie=UTF8&ASIN=B0828NBZXC","Reviewed in the United States on May 14, 2023",,,"amzn1.account.AE2S5JD34ZLSZW3PDCZVMFQQMWOA","https://www.amazon.com/gp/profile/amzn1.account.AE2S5JD34ZLSZW3PDCZVMFQQMWOA/ref=cm_cr_dp_d_gw_tr?ie=UTF8","","B0828NBZXC",,,,
"United States",,"2025-01-08",,"allStars","https://www.amazon.com/PrintMaster-Platinum-Mac-Personalized-Scrapbooks/dp/B0157GSWUQ/ref=pd_rhf_ee_s_pd_sbs_rvi_d_sccl_1_8/132-8474279-2690144?pd_rd_w=jBX3v&content-id=amzn1.sym.6640a844-ab24-4352-ac9b-78899e683a5e&pf_rd_p=6640a844-ab24-4352-ac9b-78899e683a5e&pf_rd_r=8PJF5C5K02K4NBQ02YRM&pd_rd_wg=arf7O&pd_rd_r=a4ea5dda-37ce-4956-965f-5c2a68487a3e&pd_rd_i=B0157GSWUQ&psc=1","false","false","true","1",,,"B0157GSWUQ","B0157GSWUQ","1",,"I was looking forward to using this PrintMaster V7 on my Mac Desktop for card making however, it did not download.  I purchased the product that had Instant Download rather than software that required mail, thinking it would be easy and quick on my computer.  I am very disappointed as I paid full price for this software, which is not usable on my desktop Mac.","R1H986JATR2H6Q",,,"Not able to download on my Mac desktop","https://www.amazon.com/gp/customer-reviews/R1H986JATR2H6Q/ref=cm_cr_dp_d_rvw_ttl?ie=UTF8&ASIN=B0157GSWUQ","Reviewed in the United States on January 8, 2025",,,"amzn1.account.AFLNR3TLAZEDBTWD7EHSXV3P2X2A","https://www.amazon.com/gp/profile/amzn1.account.AFLNR3TLAZEDBTWD7EHSXV3P2X2A/ref=cm_cr_dp_d_gw_tr?ie=UTF8","","B0157GSWUQ",,,,
"United States",,"2025-01-06",,"allStars","https://www.amazon.com/PrintMaster-Platinum-Mac-Personalized-Scrapbooks/dp/B0157GSWUQ/ref=pd_rhf_ee_s_pd_sbs_rvi_d_sccl_1_8/132-8474279-2690144?pd_rd_w=jBX3v&content-id=amzn1.sym.6640a844-ab24-4352-ac9b-78899e683a5e&pf_rd_p=6640a844-ab24-4352-ac9b-78899e683a5e&pf_rd_r=8PJF5C5K02K4NBQ02YRM&pd_rd_wg=arf7O&pd_rd_r=a4ea5dda-37ce-4956-965f-5c2a68487a3e&pd_rd_i=B0157GSWUQ&psc=1","false","false","true","2",,,"B0157GSWUQ","B0157GSWUQ","1",,"I am frustrated that the software I ordered is not compatible with my Macbook air.  I specifically looked at products that are Mac friendly.  I did not have any idea that the software was not compatible until I tried to download it.  It will download but not install.  I would like a refund!!","RHL9ECN5P96U0",,,"This software is not compatible with my Mac.","https://www.amazon.com/gp/customer-reviews/RHL9ECN5P96U0/ref=cm_cr_dp_d_rvw_ttl?ie=UTF8&ASIN=B0157GSWUQ","Reviewed in the United States on January 6, 2025",,,"amzn1.account.AHXOB5A2OUGABSISVRHT5N3237RQ","https://www.amazon.com/gp/profile/amzn1.account.AHXOB5A2OUGABSISVRHT5N3237RQ/ref=cm_cr_dp_d_gw_tr?ie=UTF8","","B0157GSWUQ",,,,
"United States",,"2019-11-17",,"allStars","https://www.amazon.com/PrintMaster-Platinum-Mac-Personalized-Scrapbooks/dp/B0157GSWUQ/ref=pd_rhf_ee_s_pd_sbs_rvi_d_sccl_1_8/132-8474279-2690144?pd_rd_w=jBX3v&content-id=amzn1.sym.6640a844-ab24-4352-ac9b-78899e683a5e&pf_rd_p=6640a844-ab24-4352-ac9b-78899e683a5e&pf_rd_r=8PJF5C5K02K4NBQ02YRM&pd_rd_wg=arf7O&pd_rd_r=a4ea5dda-37ce-4956-965f-5c2a68487a3e&pd_rd_i=B0157GSWUQ&psc=1","false","false","true","3",,,"B0157GSWUQ","B0157GSWUQ","3",,"I have always had a mac and have been using Broaderbund's Printmaster products for many years to create simple invitations, cards, flyers for work, etc.  Nothing too fancy, and typically an easy program to work with if you're not a graphic designer and don't want to spend a lot of money.While their early products, originally discs, compatible with both PC's and Macs, were quirky at times on macs, they did the job.As computers and programming have become more complicated, current PrintMaster products, are increasingly less compatible nor stable on today's Macs.  Yes, even the v7 - which I purchased from this outside seller and have kept - works ""good enough"" - but certain features can't be opened.  (I had hoped to upgrade to the v8, prior to settling for the v7, which I'd purchased directly from Broaderbund and had to return. Total mess!). The Broaderbund customer service folks were kind enough to refund and I know their programmers are working on the Mac compatibility issues.  Not there as of this writing, I'm afraid.","R27D7QY066VHV5",,"3 people found this helpful","Not good with Macs","https://www.amazon.com/gp/customer-reviews/R27D7QY066VHV5/ref=cm_cr_dp_d_rvw_ttl?ie=UTF8&ASIN=B0157GSWUQ","Reviewed in the United States on November 17, 2019",,,"amzn1.account.AGYJ4WP6YENPCLPVOV2UU5DBINTQ","https://www.amazon.com/gp/profile/amzn1.account.AGYJ4WP6YENPCLPVOV2UU5DBINTQ/ref=cm_cr_dp_d_gw_tr?ie=UTF8","","B0157GSWUQ",,,,
"United States",,"2017-10-03",,"allStars","https://www.amazon.com/PrintMaster-Platinum-Mac-Personalized-Scrapbooks/dp/B0157GSWUQ/ref=pd_rhf_ee_s_pd_sbs_rvi_d_sccl_1_8/132-8474279-2690144?pd_rd_w=jBX3v&content-id=amzn1.sym.6640a844-ab24-4352-ac9b-78899e683a5e&pf_rd_p=6640a844-ab24-4352-ac9b-78899e683a5e&pf_rd_r=8PJF5C5K02K4NBQ02YRM&pd_rd_wg=arf7O&pd_rd_r=a4ea5dda-37ce-4956-965f-5c2a68487a3e&pd_rd_i=B0157GSWUQ&psc=1","false","false","true","4",,,"B0157GSWUQ","B0157GSWUQ","5",,"I enjoy the print master program. There’s tons to do with it. As a teacher I can make cute fliers and notes home to parents. I also like it for my folder covers and name tags. Get a great printer because you’ll be printing a lot. There’s a lot of opportunities to be creative and make one of a kind things with this program. I spend way too much time on it.","R2PN8Z3S1HIC7B",,"One person found this helpful","Excellent for Teachers","https://www.amazon.com/gp/customer-reviews/R2PN8Z3S1HIC7B/ref=cm_cr_dp_d_rvw_ttl?ie=UTF8&ASIN=B0157GSWUQ","Reviewed in the United States on October 3, 2017",,,"amzn1.account.AHNHUPTQX5NACQSBIP74YWLKK24Q","https://www.amazon.com/gp/profile/amzn1.account.AHNHUPTQX5NACQSBIP74YWLKK24Q/ref=cm_cr_dp_d_gw_tr?ie=UTF8","","B0157GSWUQ",,,,
"United States",,"2023-06-14",,"allStars","https://www.amazon.com/PrintMaster-Platinum-Mac-Personalized-Scrapbooks/dp/B0157GSWUQ/ref=pd_rhf_ee_s_pd_sbs_rvi_d_sccl_1_8/132-8474279-2690144?pd_rd_w=jBX3v&content-id=amzn1.sym.6640a844-ab24-4352-ac9b-78899e683a5e&pf_rd_p=6640a844-ab24-4352-ac9b-78899e683a5e&pf_rd_r=8PJF5C5K02K4NBQ02YRM&pd_rd_wg=arf7O&pd_rd_r=a4ea5dda-37ce-4956-965f-5c2a68487a3e&pd_rd_i=B0157GSWUQ&psc=1","false","false","true","5",,,"B0157GSWUQ","B0157GSWUQ","1",,"Wasted $40. No refunds. The program will not download as a normal user. It requires you to logout and then login by becoming the “root user” a super user that has the ability to change anything on your computer. That’s bad news as it can open your computer to hackers if you keep it open. Root user is a not meant for normal use. I tried it to see if it downloaded and it did but I quickly just logged out and disabled the root user. I wish there was a way to share it to my normal user but so far there’s no way to do that.","RVNB7RWKIRDWW",,,"MONEY WASTED. DONT BUY FOR MAC","https://www.amazon.com/gp/customer-reviews/RVNB7RWKIRDWW/ref=cm_cr_dp_d_rvw_ttl?ie=UTF8&ASIN=B0157GSWUQ","Reviewed in the United States on June 14, 2023",,,"amzn1.account.AGGEACJZEXO2NSCQJJLCZMVOR5PQ","https://www.amazon.com/gp/profile/amzn1.account.AGGEACJZEXO2NSCQJJLCZMVOR5PQ/ref=cm_cr_dp_d_gw_tr?ie=UTF8","","B0157GSWUQ",,,,
"United States",,"2017-01-22",,"allStars","https://www.amazon.com/PrintMaster-Platinum-Mac-Personalized-Scrapbooks/dp/B0157GSWUQ/ref=pd_rhf_ee_s_pd_sbs_rvi_d_sccl_1_8/132-8474279-2690144?pd_rd_w=jBX3v&content-id=amzn1.sym.6640a844-ab24-4352-ac9b-78899e683a5e&pf_rd_p=6640a844-ab24-4352-ac9b-78899e683a5e&pf_rd_r=8PJF5C5K02K4NBQ02YRM&pd_rd_wg=arf7O&pd_rd_r=a4ea5dda-37ce-4956-965f-5c2a68487a3e&pd_rd_i=B0157GSWUQ&psc=1","false","false","true","6",,,"B0157GSWUQ","B0157GSWUQ","1",,"I am really, really disappointed with this program. I have been using Printmaster 17 then 18 for years and needed a version for my MacBook. This program is not responsive and difficult to use. It would not let me copy and paste sentences I needed to move and then when I went to print my postcard creation, it would not let me print 4 of them on a page. I would have had to print out one at time. Like it said, I have been using Printmaster software for about 15 years so the lack of ease of use has come as a VERY big surprise. I would very much like to return this product and get my money back ... sorry, but it is so not worth it. I am very disappointed and frustrated!","RUTGZMRBQ45GJ",,"7 people found this helpful","really disappointed with this program","https://www.amazon.com/gp/customer-reviews/RUTGZMRBQ45GJ/ref=cm_cr_dp_d_rvw_ttl?ie=UTF8&ASIN=B0157GSWUQ","Reviewed in the United States on January 22, 2017",,,"amzn1.account.AEKCQW3BEKQAJTC5RIMWWYFXJLMQ","https://www.amazon.com/gp/profile/amzn1.account.AEKCQW3BEKQAJTC5RIMWWYFXJLMQ/ref=cm_cr_dp_d_gw_tr?ie=UTF8","","B0157GSWUQ",,,,
"United States",,"2022-12-20",,"allStars","https://www.amazon.com/PrintMaster-Platinum-Mac-Personalized-Scrapbooks/dp/B0157GSWUQ/ref=pd_rhf_ee_s_pd_sbs_rvi_d_sccl_1_8/132-8474279-2690144?pd_rd_w=jBX3v&content-id=amzn1.sym.6640a844-ab24-4352-ac9b-78899e683a5e&pf_rd_p=6640a844-ab24-4352-ac9b-78899e683a5e&pf_rd_r=8PJF5C5K02K4NBQ02YRM&pd_rd_wg=arf7O&pd_rd_r=a4ea5dda-37ce-4956-965f-5c2a68487a3e&pd_rd_i=B0157GSWUQ&psc=1","false","false","true","7",,,"B0157GSWUQ","B0157GSWUQ","1",,"I purchased another PrintMaster software download today after being told I could use the previous download from my other computer to my new one. I get a message that the :root: needs to install. I called Apple and cannot do that in chance that it would corrupt my new computer. I tried to call Customer service 4 times. After a series of answer a stupid robot to get to the right place I was asked for a pin (4 times). Each time I put the pin in they disconnected the call. Do not purchase this software, it is a hoax!","R2G1ZTGLOR8VG1",,,"Can't give a star value","https://www.amazon.com/gp/customer-reviews/R2G1ZTGLOR8VG1/ref=cm_cr_dp_d_rvw_ttl?ie=UTF8&ASIN=B0157GSWUQ","Reviewed in the United States on December 20, 2022",,,"amzn1.account.AEQY2KJIXD6ARLLIITHGVYBECRLQ","https://www.amazon.com/gp/profile/amzn1.account.AEQY2KJIXD6ARLLIITHGVYBECRLQ/ref=cm_cr_dp_d_gw_tr?ie=UTF8","","B0157GSWUQ",,,,
"United States",,"2021-01-15",,"allStars","https://www.amazon.com/PrintMaster-Platinum-Mac-Personalized-Scrapbooks/dp/B0157GSWUQ/ref=pd_rhf_ee_s_pd_sbs_rvi_d_sccl_1_8/132-8474279-2690144?pd_rd_w=jBX3v&content-id=amzn1.sym.6640a844-ab24-4352-ac9b-78899e683a5e&pf_rd_p=6640a844-ab24-4352-ac9b-78899e683a5e&pf_rd_r=8PJF5C5K02K4NBQ02YRM&pd_rd_wg=arf7O&pd_rd_r=a4ea5dda-37ce-4956-965f-5c2a68487a3e&pd_rd_i=B0157GSWUQ&psc=1","false","false","true","8",,,"B0157GSWUQ","B0157GSWUQ","3",,"To some time to download!","R3I3PJPPROG1M1",,,"Ok","https://www.amazon.com/gp/customer-reviews/R3I3PJPPROG1M1/ref=cm_cr_dp_d_rvw_ttl?ie=UTF8&ASIN=B0157GSWUQ","Reviewed in the United States on January 15, 2021",,,"amzn1.account.AHQ4CNU3Q3HOJM27FQIYNV6WMMGQ","https://www.amazon.com/gp/profile/amzn1.account.AHQ4CNU3Q3HOJM27FQIYNV6WMMGQ/ref=cm_cr_dp_d_gw_tr?ie=UTF8","","B0157GSWUQ",,,,
"United States",,"2025-05-15",,"allStars","https://www.amazon.com/PrintMaster-v8-Platinum-PC-Download/dp/B07XW27GDY/ref=pd_rhf_ee_s_pd_sbs_rvi_d_sccl_1_10/132-8474279-2690144?pd_rd_w=jBX3v&content-id=amzn1.sym.6640a844-ab24-4352-ac9b-78899e683a5e&pf_rd_p=6640a844-ab24-4352-ac9b-78899e683a5e&pf_rd_r=8PJF5C5K02K4NBQ02YRM&pd_rd_wg=arf7O&pd_rd_r=a4ea5dda-37ce-4956-965f-5c2a68487a3e&pd_rd_i=B07XW27GDY&psc=1","false","false","true","1",,,"B07XW27GDY","B07XW27GDY","5",,"I purchased Print master to replace an older model which would not load on my new computer.  My new computer runs Windows 11 Pro and loaded Print Master Platinum 8 with no problem and runs better than the older version.  The only problem is that all the files on the older disk version are not accessible to the new down loaded version.  The new version that I purchased offers easier operation and is very user friendly.  The User's Manual is included in the download and is printable.  It is much improved over the older version (Print Master Deluxe 7.0).  I would recommend it to anyone looking for a good print program.","R2O1SPONIY3V96",,,"Works great with Windows 11 Pro","https://www.amazon.com/gp/customer-reviews/R2O1SPONIY3V96/ref=cm_cr_dp_d_rvw_ttl?ie=UTF8&ASIN=B07XW27GDY","Reviewed in the United States on May 15, 2025",,,"amzn1.account.AEZ5A5LGNLT77WW2VJIHH4IU3BNQ","https://www.amazon.com/gp/profile/amzn1.account.AEZ5A5LGNLT77WW2VJIHH4IU3BNQ/ref=cm_cr_dp_d_gw_tr?ie=UTF8","","B07XW27GDY",,,,
"United States",,"2025-02-15",,"allStars","https://www.amazon.com/PrintMaster-v8-Platinum-PC-Download/dp/B07XW27GDY/ref=pd_rhf_ee_s_pd_sbs_rvi_d_sccl_1_10/132-8474279-2690144?pd_rd_w=jBX3v&content-id=amzn1.sym.6640a844-ab24-4352-ac9b-78899e683a5e&pf_rd_p=6640a844-ab24-4352-ac9b-78899e683a5e&pf_rd_r=8PJF5C5K02K4NBQ02YRM&pd_rd_wg=arf7O&pd_rd_r=a4ea5dda-37ce-4956-965f-5c2a68487a3e&pd_rd_i=B07XW27GDY&psc=1","false","false","true","2",,,"B07XW27GDY","B07XW27GDY","1",,"Well this is my third PrintMaster I've owned. My last one was PrintMaster 18.1 and I will tell you this - the programmer's have made a huge step backward. Although the interface is changed the functionality is greatly diminished. The old version had so many extra's with the creations you make from scratch that it was unbelievable. This version has so many issues: No more drag and drop or copy and paste pictures, very limited shapes for texts, incredibly cumbersome with just about every function you use. If the the companies idea was to streamline the program they missed the boat entirely. I believe what they were trying to do was create a program where it was simpler to just make a card or letterhead from a template and even that is twice as difficult. I've been using PrintMaster for at least 20 years and I will tell that for $40 bucks I guess it will do the job if you have the time and patience to click here, drag there etc., etc. and that's my 2 cents worth.","R9RT8VKXGWFTH",,"10 people found this helpful","My 2 cent's worth -","https://www.amazon.com/gp/customer-reviews/R9RT8VKXGWFTH/ref=cm_cr_dp_d_rvw_ttl?ie=UTF8&ASIN=B07XW27GDY","Reviewed in the United States on February 15, 2025",,,"amzn1.account.AES67GSDKJ5G2GSVRRXXUDT5ETLA","https://www.amazon.com/gp/profile/amzn1.account.AES67GSDKJ5G2GSVRRXXUDT5ETLA/ref=cm_cr_dp_d_gw_tr?ie=UTF8","","B07XW27GDY",,,,
"United States",,"2025-03-14",,"allStars","https://www.amazon.com/PrintMaster-v8-Platinum-PC-Download/dp/B07XW27GDY/ref=pd_rhf_ee_s_pd_sbs_rvi_d_sccl_1_10/132-8474279-2690144?pd_rd_w=jBX3v&content-id=amzn1.sym.6640a844-ab24-4352-ac9b-78899e683a5e&pf_rd_p=6640a844-ab24-4352-ac9b-78899e683a5e&pf_rd_r=8PJF5C5K02K4NBQ02YRM&pd_rd_wg=arf7O&pd_rd_r=a4ea5dda-37ce-4956-965f-5c2a68487a3e&pd_rd_i=B07XW27GDY&psc=1","false","false","true","3",,,"B07XW27GDY","B07XW27GDY","5",,"I love the projects I can do easily. It's not quite as intuitive as the previous edition, but I'm learning.","R2OIHHEZD26KJY",,,"Good for home projects, invitations, etc.","https://www.amazon.com/gp/customer-reviews/R2OIHHEZD26KJY/ref=cm_cr_dp_d_rvw_ttl?ie=UTF8&ASIN=B07XW27GDY","Reviewed in the United States on March 14, 2025",,,"amzn1.account.AFPO22LFWAKLT55LCKW5IAX3FTMA","https://www.amazon.com/gp/profile/amzn1.account.AFPO22LFWAKLT55LCKW5IAX3FTMA/ref=cm_cr_dp_d_gw_tr?ie=UTF8","","B07XW27GDY",,,,
"United States",,"2025-05-23",,"allStars","https://www.amazon.com/PrintMaster-v8-Platinum-PC-Download/dp/B07XW27GDY/ref=pd_rhf_ee_s_pd_sbs_rvi_d_sccl_1_10/132-8474279-2690144?pd_rd_w=jBX3v&content-id=amzn1.sym.6640a844-ab24-4352-ac9b-78899e683a5e&pf_rd_p=6640a844-ab24-4352-ac9b-78899e683a5e&pf_rd_r=8PJF5C5K02K4NBQ02YRM&pd_rd_wg=arf7O&pd_rd_r=a4ea5dda-37ce-4956-965f-5c2a68487a3e&pd_rd_i=B07XW27GDY&psc=1","false","false","true","4",,,"B07XW27GDY","B07XW27GDY","4",,"A little complicated from Printshop.I'm getting it!!!","R2IIYJA94KVLDD",,,"I'm getting it!","https://www.amazon.com/gp/customer-reviews/R2IIYJA94KVLDD/ref=cm_cr_dp_d_rvw_ttl?ie=UTF8&ASIN=B07XW27GDY","Reviewed in the United States on May 23, 2025",,,"amzn1.account.AEDTO6MRZZFXOESCCQDOIEWFT6YQ","https://www.amazon.com/gp/profile/amzn1.account.AEDTO6MRZZFXOESCCQDOIEWFT6YQ/ref=cm_cr_dp_d_gw_tr?ie=UTF8","","B07XW27GDY",,,,
"United States",,"2025-01-10",,"allStars","https://www.amazon.com/PrintMaster-v8-Platinum-PC-Download/dp/B07XW27GDY/ref=pd_rhf_ee_s_pd_sbs_rvi_d_sccl_1_10/132-8474279-2690144?pd_rd_w=jBX3v&content-id=amzn1.sym.6640a844-ab24-4352-ac9b-78899e683a5e&pf_rd_p=6640a844-ab24-4352-ac9b-78899e683a5e&pf_rd_r=8PJF5C5K02K4NBQ02YRM&pd_rd_wg=arf7O&pd_rd_r=a4ea5dda-37ce-4956-965f-5c2a68487a3e&pd_rd_i=B07XW27GDY&psc=1","false","false","true","5",,,"B07XW27GDY","B07XW27GDY","5",,"I use this product  often it is how I do greetings it super","R9F49IZWXSG56",,,"Works great","https://www.amazon.com/gp/customer-reviews/R9F49IZWXSG56/ref=cm_cr_dp_d_rvw_ttl?ie=UTF8&ASIN=B07XW27GDY","Reviewed in the United States on January 10, 2025",,,"amzn1.account.AFT7M4Z43HMJMAAPBQQCCIDKJGAQ","https://www.amazon.com/gp/profile/amzn1.account.AFT7M4Z43HMJMAAPBQQCCIDKJGAQ/ref=cm_cr_dp_d_gw_tr?ie=UTF8","","B07XW27GDY",,,,
"United States",,"2025-05-08",,"allStars","https://www.amazon.com/PrintMaster-v8-Platinum-PC-Download/dp/B07XW27GDY/ref=pd_rhf_ee_s_pd_sbs_rvi_d_sccl_1_10/132-8474279-2690144?pd_rd_w=jBX3v&content-id=amzn1.sym.6640a844-ab24-4352-ac9b-78899e683a5e&pf_rd_p=6640a844-ab24-4352-ac9b-78899e683a5e&pf_rd_r=8PJF5C5K02K4NBQ02YRM&pd_rd_wg=arf7O&pd_rd_r=a4ea5dda-37ce-4956-965f-5c2a68487a3e&pd_rd_i=B07XW27GDY&psc=1","false","false","true","6",,,"B07XW27GDY","B07XW27GDY","1",,"This software is non refundable.  Be careful. I purchased it and do not know how to use it. There are no instructions or tutorials.  I wasted money. Maybe other tech savvy people would know how to operate this program. Highly disappointed on Amazon.","RG8R2JK34WE2E",,,"Product with no instructions on how to use b it","https://www.amazon.com/gp/customer-reviews/RG8R2JK34WE2E/ref=cm_cr_dp_d_rvw_ttl?ie=UTF8&ASIN=B07XW27GDY","Reviewed in the United States on May 8, 2025",,,"amzn1.account.AFBUCW3CYUKESW5KXD7NIEFUGE3A","https://www.amazon.com/gp/profile/amzn1.account.AFBUCW3CYUKESW5KXD7NIEFUGE3A/ref=cm_cr_dp_d_gw_tr?ie=UTF8","","B07XW27GDY",,,,
"United States",,"2025-05-04",,"allStars","https://www.amazon.com/PrintMaster-v8-Platinum-PC-Download/dp/B07XW27GDY/ref=pd_rhf_ee_s_pd_sbs_rvi_d_sccl_1_10/132-8474279-2690144?pd_rd_w=jBX3v&content-id=amzn1.sym.6640a844-ab24-4352-ac9b-78899e683a5e&pf_rd_p=6640a844-ab24-4352-ac9b-78899e683a5e&pf_rd_r=8PJF5C5K02K4NBQ02YRM&pd_rd_wg=arf7O&pd_rd_r=a4ea5dda-37ce-4956-965f-5c2a68487a3e&pd_rd_i=B07XW27GDY&psc=1","false","false","true","7",,,"B07XW27GDY","B07XW27GDY","2",,"I just bought a new PC with Windows 11.  I have been using for YEARS, Printmaster 11.  When I purchased Platinum, it worked with Windows 11 but looks very different than the older versions.  THE BIG PROBLEM:  Platinum does not work with any of the older versions of Printmaster.  All of my saved Printmaster 11 projects would NOT open.SOLUTION: I was able to download Printmaster 11 onto Windows 11 without any problems.  Then I had to find the app file within Windows 11 so every time I open one of my projects it would just open.  It all works just fine with Printmaster 11 - NOT Platinum.","R168VEFQS4QT20",,,"Platinum DOES NOT work with older saved Printmaster Files (like Printmaster 11)","https://www.amazon.com/gp/customer-reviews/R168VEFQS4QT20/ref=cm_cr_dp_d_rvw_ttl?ie=UTF8&ASIN=B07XW27GDY","Reviewed in the United States on May 4, 2025",,,"amzn1.account.AF5CN6COYNNJ5PZ5U6TLXYC3P6OQ","https://www.amazon.com/gp/profile/amzn1.account.AF5CN6COYNNJ5PZ5U6TLXYC3P6OQ/ref=cm_cr_dp_d_gw_tr?ie=UTF8","","B07XW27GDY",,,,
"United States",,"2024-11-25",,"allStars","https://www.amazon.com/PrintMaster-v8-Platinum-PC-Download/dp/B07XW27GDY/ref=pd_rhf_ee_s_pd_sbs_rvi_d_sccl_1_10/132-8474279-2690144?pd_rd_w=jBX3v&content-id=amzn1.sym.6640a844-ab24-4352-ac9b-78899e683a5e&pf_rd_p=6640a844-ab24-4352-ac9b-78899e683a5e&pf_rd_r=8PJF5C5K02K4NBQ02YRM&pd_rd_wg=arf7O&pd_rd_r=a4ea5dda-37ce-4956-965f-5c2a68487a3e&pd_rd_i=B07XW27GDY&psc=1","false","false","true","8",,,"B07XW27GDY","B07XW27GDY","5",,"I had to upgrade this software for my wife's Windows 10. We use this every day and love it, I couldn't run my business without it.","RB9FBSO2789KM",,,"PrintMater","https://www.amazon.com/gp/customer-reviews/RB9FBSO2789KM/ref=cm_cr_dp_d_rvw_ttl?ie=UTF8&ASIN=B07XW27GDY","Reviewed in the United States on November 25, 2024",,,"amzn1.account.AE4BRLX4RI7LUWVX3BLP6YSLYHCA","https://www.amazon.com/gp/profile/amzn1.account.AE4BRLX4RI7LUWVX3BLP6YSLYHCA/ref=cm_cr_dp_d_gw_tr?ie=UTF8","","B07XW27GDY",,,,
"United States",,"2023-03-25",,"allStars","https://www.amazon.com/VideoPad-Video-Editor-Professional-Transitions/dp/B00YPVIT6W/ref=pd_rhf_ee_s_pd_sbs_rvi_d_sccl_1_21/132-8474279-2690144?pd_rd_w=jBX3v&content-id=amzn1.sym.6640a844-ab24-4352-ac9b-78899e683a5e&pf_rd_p=6640a844-ab24-4352-ac9b-78899e683a5e&pf_rd_r=8PJF5C5K02K4NBQ02YRM&pd_rd_wg=arf7O&pd_rd_r=a4ea5dda-37ce-4956-965f-5c2a68487a3e&pd_rd_i=B00YPVIT6W&th=1","false","false","true","1",,,"B00YPVIT6W","B00YPVIT6W","4",,"It's easy to use and doing everything what I like to do in video editing.  It's very similar to windows movie maker.  I love it.","R20MSOLWJTGJR7",,"2 people found this helpful","Very Similar to windows movie maker","https://www.amazon.com/gp/customer-reviews/R20MSOLWJTGJR7/ref=cm_cr_dp_d_rvw_ttl?ie=UTF8&ASIN=B00YPVIT6W","Reviewed in the United States on March 25, 2023",,,"amzn1.account.AEWXOWEF53Q2B5WNLKEEP7WPPU5Q","https://www.amazon.com/gp/profile/amzn1.account.AEWXOWEF53Q2B5WNLKEEP7WPPU5Q/ref=cm_cr_dp_d_gw_tr?ie=UTF8","Platform: Pro PC Download","B00YPVIT6W","Platform","Pro PC Download",,
"United States",,"2019-09-09",,"allStars","https://www.amazon.com/VideoPad-Video-Editor-Professional-Transitions/dp/B00YPVIT6W/ref=pd_rhf_ee_s_pd_sbs_rvi_d_sccl_1_21/132-8474279-2690144?pd_rd_w=jBX3v&content-id=amzn1.sym.6640a844-ab24-4352-ac9b-78899e683a5e&pf_rd_p=6640a844-ab24-4352-ac9b-78899e683a5e&pf_rd_r=8PJF5C5K02K4NBQ02YRM&pd_rd_wg=arf7O&pd_rd_r=a4ea5dda-37ce-4956-965f-5c2a68487a3e&pd_rd_i=B00YPVIT6W&th=1","false","false","true","2",,,"B00YPVIT6W","B00YPVIT6W","5",,"I'm overall very satisfied with the software. Whatever kind of editing I need to do, it has the option to do it. Whether editing the video or audio of the video, the features are there. There may be a learning curve for some users, yet there are many tutorials online to get the most of the Software.","R1A64CNLJAZK4W",,"6 people found this helpful","This Software has Many Useful Features.","https://www.amazon.com/gp/customer-reviews/R1A64CNLJAZK4W/ref=cm_cr_dp_d_rvw_ttl?ie=UTF8&ASIN=B00YPVIT6W","Reviewed in the United States on September 9, 2019",,,"amzn1.account.AF4LEPOLO3QP2VTYZIFURKDE6EJA","https://www.amazon.com/gp/profile/amzn1.account.AF4LEPOLO3QP2VTYZIFURKDE6EJA/ref=cm_cr_dp_d_gw_tr?ie=UTF8","Platform: Pro PC Download","B00YPVIT6W","Platform","Pro PC Download",,
"United States",,"2020-08-14",,"allStars","https://www.amazon.com/VideoPad-Video-Editor-Professional-Transitions/dp/B00YPVIT6W/ref=pd_rhf_ee_s_pd_sbs_rvi_d_sccl_1_21/132-8474279-2690144?pd_rd_w=jBX3v&content-id=amzn1.sym.6640a844-ab24-4352-ac9b-78899e683a5e&pf_rd_p=6640a844-ab24-4352-ac9b-78899e683a5e&pf_rd_r=8PJF5C5K02K4NBQ02YRM&pd_rd_wg=arf7O&pd_rd_r=a4ea5dda-37ce-4956-965f-5c2a68487a3e&pd_rd_i=B00YPVIT6W&th=1","false","false","true","3",,,"B00YPVIT6W","B00YPVIT6W","3",,"ok","R80CYC57MEZ4E",,"One person found this helpful","ok","https://www.amazon.com/gp/customer-reviews/R80CYC57MEZ4E/ref=cm_cr_dp_d_rvw_ttl?ie=UTF8&ASIN=B00YPVIT6W","Reviewed in the United States on August 14, 2020",,,"amzn1.account.AFRKASYUMX5CY6EW6BETU2MLZHMQ","https://www.amazon.com/gp/profile/amzn1.account.AFRKASYUMX5CY6EW6BETU2MLZHMQ/ref=cm_cr_dp_d_gw_tr?ie=UTF8","Platform: Pro PC Download","B00YPVIT6W","Platform","Pro PC Download",,
"United States",,"2022-07-30",,"allStars","https://www.amazon.com/VideoPad-Video-Editor-Professional-Transitions/dp/B00YPVIT6W/ref=pd_rhf_ee_s_pd_sbs_rvi_d_sccl_1_21/132-8474279-2690144?pd_rd_w=jBX3v&content-id=amzn1.sym.6640a844-ab24-4352-ac9b-78899e683a5e&pf_rd_p=6640a844-ab24-4352-ac9b-78899e683a5e&pf_rd_r=8PJF5C5K02K4NBQ02YRM&pd_rd_wg=arf7O&pd_rd_r=a4ea5dda-37ce-4956-965f-5c2a68487a3e&pd_rd_i=B00YPVIT6W&th=1","false","false","true","4",,,"B00YPVIT6W","B00YPVIT6W","1",,"Can't up load to youtube with this ,want to get money back .youtube wont except my video with this .any one know how to cancel .","RQ7LO1M5VRUWP",,"3 people found this helpful","Not happy","https://www.amazon.com/gp/customer-reviews/RQ7LO1M5VRUWP/ref=cm_cr_dp_d_rvw_ttl?ie=UTF8&ASIN=B00YPVIT6W","Reviewed in the United States on July 30, 2022",,,"amzn1.account.AEFYMXCPI2SJPN42EY63BOWOV3NQ","https://www.amazon.com/gp/profile/amzn1.account.AEFYMXCPI2SJPN42EY63BOWOV3NQ/ref=cm_cr_dp_d_gw_tr?ie=UTF8","Platform: Pro PC Download","B00YPVIT6W","Platform","Pro PC Download",,
"United States",,"2025-04-22",,"allStars","https://www.amazon.com/VideoPad-Video-Editor-Professional-Transitions/dp/B00YPVIT6W/ref=pd_rhf_ee_s_pd_sbs_rvi_d_sccl_1_21/132-8474279-2690144?pd_rd_w=jBX3v&content-id=amzn1.sym.6640a844-ab24-4352-ac9b-78899e683a5e&pf_rd_p=6640a844-ab24-4352-ac9b-78899e683a5e&pf_rd_r=8PJF5C5K02K4NBQ02YRM&pd_rd_wg=arf7O&pd_rd_r=a4ea5dda-37ce-4956-965f-5c2a68487a3e&pd_rd_i=B00YPVIT6W&th=1","false","false","false","5",,,"B00YPVIT6W","B00YPVIT6W","4",,"USED TO BE ONE PAYMENT NOW YOU HAVE TO PAY YEARLY.","R1CRFLVERWXX7U",,,"GOOD BYE","https://www.amazon.com/gp/customer-reviews/R1CRFLVERWXX7U/ref=cm_cr_dp_d_rvw_ttl?ie=UTF8&ASIN=B00YPVIT6W","Reviewed in the United States on April 22, 2025",,,"amzn1.account.AEMNK2MOTOZQXICNATOZNSZK2M7Q","https://www.amazon.com/gp/profile/amzn1.account.AEMNK2MOTOZQXICNATOZNSZK2M7Q/ref=cm_cr_dp_d_gw_tr?ie=UTF8","Platform: Pro PC Download","B00YPVIT6W","Platform","Pro PC Download",,
"United States",,"2021-03-04",,"allStars","https://www.amazon.com/VideoPad-Video-Editor-Professional-Transitions/dp/B00YPVIT6W/ref=pd_rhf_ee_s_pd_sbs_rvi_d_sccl_1_21/132-8474279-2690144?pd_rd_w=jBX3v&content-id=amzn1.sym.6640a844-ab24-4352-ac9b-78899e683a5e&pf_rd_p=6640a844-ab24-4352-ac9b-78899e683a5e&pf_rd_r=8PJF5C5K02K4NBQ02YRM&pd_rd_wg=arf7O&pd_rd_r=a4ea5dda-37ce-4956-965f-5c2a68487a3e&pd_rd_i=B00YPVIT6W&th=1","false","false","false","6",,,"B00YPVIT6W","B00YPVIT6W","2",,"I bought the Master's Edition of this software directly from their website several years ago. Little did I know at the time that I would only get free software updates for 6 months following my purchase, before I was either required to spend more money, or eventually be left out to dry. Since I'm not made of money, I've been using my outdated version of VideoPad for just over 3 years now, with newer bug and performance fixes stuck behind an additional paywall. Was it worth the $70 price tag?I've never regretted spending money on professional software more.On my old computer, which had 16GB of RAM, VideoPad was incredibly sluggish, and notoriously unreliable. I've been creating 2 identical save files for all of my projects that I would alternate between, because VideoPad would spontaneously crash multiple times a day, and flip a coin on whether or not it would corrupt my whole file when I reopened it, costing me hours of work. Boy, I hoped they fixed that in a future update that I'd have to pay to access! -__-My new PC that I just got last month has 32GB of RAM and VideoPad performs much better. Well, at least the demo version does, because now I can't get my old license to register at all, despite the fact that I was told it was for life.Every instance of attempting to use this product over the years has been a headache-inducing chore.If you were guaranteed permanent access to the software I'd say go for it, IF you have enough RAM and CPU to handle it, which I know many don't, but considering your purchase only stays current for half a year before NCH forgets you exist, I can definitively tell everyone here, regardless of their hardware, to GET SOMETHING ELSE. VideoPad is absolutely a bullet worth dodging.","RE65FCDW3PJR",,"5 people found this helpful","I came here to warn you - VideoPad is a bullet worth dodging","https://www.amazon.com/gp/customer-reviews/RE65FCDW3PJR/ref=cm_cr_dp_d_rvw_ttl?ie=UTF8&ASIN=B00YPVIT6W","Reviewed in the United States on March 4, 2021",,,"amzn1.account.AERNFARMDNNV7WEJ4P4DNSKSTWNQ","https://www.amazon.com/gp/profile/amzn1.account.AERNFARMDNNV7WEJ4P4DNSKSTWNQ/ref=cm_cr_dp_d_gw_tr?ie=UTF8","Platform: Pro PC Download","B00YPVIT6W","Platform","Pro PC Download",,
"United States",,"2019-04-20",,"allStars","https://www.amazon.com/VideoPad-Video-Editor-Professional-Transitions/dp/B00YPVIT6W/ref=pd_rhf_ee_s_pd_sbs_rvi_d_sccl_1_21/132-8474279-2690144?pd_rd_w=jBX3v&content-id=amzn1.sym.6640a844-ab24-4352-ac9b-78899e683a5e&pf_rd_p=6640a844-ab24-4352-ac9b-78899e683a5e&pf_rd_r=8PJF5C5K02K4NBQ02YRM&pd_rd_wg=arf7O&pd_rd_r=a4ea5dda-37ce-4956-965f-5c2a68487a3e&pd_rd_i=B00YPVIT6W&th=1","false","false","true","7",,,"B00YPVIT6W","B00YPVIT6W","5",,"Once I was able to get the product code from an email from the company, I was able to get it to stop asking me enter the code.  As a paying customer I think it is rude however to have to anything other than click download.  But, the product is good.","R1VNLTDWZVZ3MV",,"7 people found this helpful","Easy to use but had a hard time registering","https://www.amazon.com/gp/customer-reviews/R1VNLTDWZVZ3MV/ref=cm_cr_dp_d_rvw_ttl?ie=UTF8&ASIN=B00YPVIT6W","Reviewed in the United States on April 20, 2019",,,"amzn1.account.AE7M52NVVDH564V4DFDWV5M2TOPQ","https://www.amazon.com/gp/profile/amzn1.account.AE7M52NVVDH564V4DFDWV5M2TOPQ/ref=cm_cr_dp_d_gw_tr?ie=UTF8","Platform: Pro PC Download","B00YPVIT6W","Platform","Pro PC Download",,
"United States",,"2025-04-15",,"allStars","https://www.amazon.com/VideoPad-Video-Editor-Professional-Transitions/dp/B00YPVIT6W/ref=pd_rhf_ee_s_pd_sbs_rvi_d_sccl_1_21/132-8474279-2690144?pd_rd_w=jBX3v&content-id=amzn1.sym.6640a844-ab24-4352-ac9b-78899e683a5e&pf_rd_p=6640a844-ab24-4352-ac9b-78899e683a5e&pf_rd_r=8PJF5C5K02K4NBQ02YRM&pd_rd_wg=arf7O&pd_rd_r=a4ea5dda-37ce-4956-965f-5c2a68487a3e&pd_rd_i=B00YPVIT6W&th=1","false","false","false","8",,,"B00YPVIT6W","B00YPVIT6W","4",,"As a musician, I often need to crop down concert footage to just highlights and sometimes add separate audio to replace the camera audio.  VPad makes that fairly easy and the price is reasonable.","RYD9STTWR8HXT",,,"Good even as a freeware option, great when purchased.","https://www.amazon.com/gp/customer-reviews/RYD9STTWR8HXT/ref=cm_cr_dp_d_rvw_ttl?ie=UTF8&ASIN=B00YPVIT6W","Reviewed in the United States on April 15, 2025",,,"amzn1.account.AG3MJZNW5AYCMNGMY42M4SYUENEA","https://www.amazon.com/gp/profile/amzn1.account.AG3MJZNW5AYCMNGMY42M4SYUENEA/ref=cm_cr_dp_d_gw_tr?ie=UTF8","Platform: Pro PC Download","B00YPVIT6W","Platform","Pro PC Download",,
"United States",,"2025-01-12",,"allStars","https://www.amazon.com/Print-Artist-25-Platinum-Download/dp/B0757S7M3V/ref=pd_rhf_ee_s_pd_sbs_rvi_d_sccl_1_14/132-8474279-2690144?pd_rd_w=jBX3v&content-id=amzn1.sym.6640a844-ab24-4352-ac9b-78899e683a5e&pf_rd_p=6640a844-ab24-4352-ac9b-78899e683a5e&pf_rd_r=8PJF5C5K02K4NBQ02YRM&pd_rd_wg=arf7O&pd_rd_r=a4ea5dda-37ce-4956-965f-5c2a68487a3e&pd_rd_i=B0757S7M3V&psc=1","false","false","true","1",,,"B0757S7M3V","B0757S7M3V","5",,"good program","R3NTQH165RDU3V",,,"Print Artist 25 Platinum","https://www.amazon.com/gp/customer-reviews/R3NTQH165RDU3V/ref=cm_cr_dp_d_rvw_ttl?ie=UTF8&ASIN=B0757S7M3V","Reviewed in the United States on January 12, 2025",,,"amzn1.account.AF2UXHOMVR66IYUKRMSA4YG3OM3Q","https://www.amazon.com/gp/profile/amzn1.account.AF2UXHOMVR66IYUKRMSA4YG3OM3Q/ref=cm_cr_dp_d_gw_tr?ie=UTF8","","B0757S7M3V",,,,
"United States",,"2025-05-18",,"allStars","https://www.amazon.com/Print-Artist-25-Platinum-Download/dp/B0757S7M3V/ref=pd_rhf_ee_s_pd_sbs_rvi_d_sccl_1_14/132-8474279-2690144?pd_rd_w=jBX3v&content-id=amzn1.sym.6640a844-ab24-4352-ac9b-78899e683a5e&pf_rd_p=6640a844-ab24-4352-ac9b-78899e683a5e&pf_rd_r=8PJF5C5K02K4NBQ02YRM&pd_rd_wg=arf7O&pd_rd_r=a4ea5dda-37ce-4956-965f-5c2a68487a3e&pd_rd_i=B0757S7M3V&psc=1","false","false","true","2",,,"B0757S7M3V","B0757S7M3V","4",,"I have used Print Artist for years. This is the third time I've purchased a copy. It's so easy to use, great features and fun to use. I just have one comment, I wish they had better graphics. They have never updated their graphics. But still the best for me.","R3TLIA2ORLJK60",,,"USING IT FOR YEARS","https://www.amazon.com/gp/customer-reviews/R3TLIA2ORLJK60/ref=cm_cr_dp_d_rvw_ttl?ie=UTF8&ASIN=B0757S7M3V","Reviewed in the United States on May 18, 2025",,,"amzn1.account.AF5AU4D3CEOWYRXQ3WJBUKELX7RA","https://www.amazon.com/gp/profile/amzn1.account.AF5AU4D3CEOWYRXQ3WJBUKELX7RA/ref=cm_cr_dp_d_gw_tr?ie=UTF8","","B0757S7M3V",,,,
"United States",,"2022-02-03",,"allStars","https://www.amazon.com/Print-Artist-25-Platinum-Download/dp/B0757S7M3V/ref=pd_rhf_ee_s_pd_sbs_rvi_d_sccl_1_14/132-8474279-2690144?pd_rd_w=jBX3v&content-id=amzn1.sym.6640a844-ab24-4352-ac9b-78899e683a5e&pf_rd_p=6640a844-ab24-4352-ac9b-78899e683a5e&pf_rd_r=8PJF5C5K02K4NBQ02YRM&pd_rd_wg=arf7O&pd_rd_r=a4ea5dda-37ce-4956-965f-5c2a68487a3e&pd_rd_i=B0757S7M3V&psc=1","false","false","true","3",,,"B0757S7M3V","B0757S7M3V","1",,"This is not a very ground level consumer friendly software. I am finding too many hidden processes that are not explained in the ""no manual"" download. IT takes some time to get technical help, only through internet. No one to speak to available. I also found out they have NO real help contact. You are on your own, with no phone help or chat. A waste of money for non-Geeks.","R7SMQS7B1VEHT",,"2 people found this helpful","Not for beginners","https://www.amazon.com/gp/customer-reviews/R7SMQS7B1VEHT/ref=cm_cr_dp_d_rvw_ttl?ie=UTF8&ASIN=B0757S7M3V","Reviewed in the United States on February 3, 2022",,,"amzn1.account.AGJKHQP5FNQVKH5IUIBWWLHELUOQ","https://www.amazon.com/gp/profile/amzn1.account.AGJKHQP5FNQVKH5IUIBWWLHELUOQ/ref=cm_cr_dp_d_gw_tr?ie=UTF8","","B0757S7M3V",,,,
"United States",,"2023-12-05",,"allStars","https://www.amazon.com/Print-Artist-25-Platinum-Download/dp/B0757S7M3V/ref=pd_rhf_ee_s_pd_sbs_rvi_d_sccl_1_14/132-8474279-2690144?pd_rd_w=jBX3v&content-id=amzn1.sym.6640a844-ab24-4352-ac9b-78899e683a5e&pf_rd_p=6640a844-ab24-4352-ac9b-78899e683a5e&pf_rd_r=8PJF5C5K02K4NBQ02YRM&pd_rd_wg=arf7O&pd_rd_r=a4ea5dda-37ce-4956-965f-5c2a68487a3e&pd_rd_i=B0757S7M3V&psc=1","false","false","true","4",,,"B0757S7M3V","B0757S7M3V","3",,"I was hopeful. After reading the reviews on all the other brands of print programs, I finally settled for the Print Artist 25 Platinum download—even though the reviews weren’t terrific. But then the reviews weren’t great on ANY of the different programs other than the more professional products. I had used several different versions of PrintShop over many years and LOVED it until I finally got a new computer with Windows 10 and my PrintShop 15 was not compatible with that. I resisted buying a new program for several years because a.) the reviews on the newer versions were dismal and b.) I couldn’t bring myself to learn something new that I was sure would not be as good. Finally I knew I couldn’t trust my old computer any more and I was going to have to get something else or risk losing everything. So I broke down and bought Print Artist 25 Platinum.First with the good things:  I had no problem with the download (thanks in part to my husband). I was nervous about that due to some reviews I had read. Secondly, there are a few newer features that my ancient PrintShop didn’t have, due I am sure, to newer technology.So far, that is where the good things end. It’s been pretty frustrating trying to work with this program. I know there is a learning curve and as I work with it more, I will become more proficient with it. However it is very obvious that the program is very bulky and difficult to circumnavigate. What took two or three simple steps in my old program would take ten in this new one. The project I was working on tonight would have taken me less than an hour previously.  Tonight it took me more than five hours. I am not a novice at home publishing. I have done many hundreds of projects over many years. I know if I keep working at it, it will get easier and faster. But I feel sorry for people who are just getting started in this kind of program. And to tell the truth, I am discouraged enough to go ahead and spend the extra money and go back to PrintShop despite their reviews. At least I am familiar with it.","R2JI856NM66D3K",,"One person found this helpful","More Cons than Pros","https://www.amazon.com/gp/customer-reviews/R2JI856NM66D3K/ref=cm_cr_dp_d_rvw_ttl?ie=UTF8&ASIN=B0757S7M3V","Reviewed in the United States on December 5, 2023",,,"amzn1.account.AEJRYR3NDQBJQRPGK2WPSGCR7KCA","https://www.amazon.com/gp/profile/amzn1.account.AEJRYR3NDQBJQRPGK2WPSGCR7KCA/ref=cm_cr_dp_d_gw_tr?ie=UTF8","","B0757S7M3V",,,,
"United States",,"2022-10-28",,"allStars","https://www.amazon.com/Print-Artist-25-Platinum-Download/dp/B0757S7M3V/ref=pd_rhf_ee_s_pd_sbs_rvi_d_sccl_1_14/132-8474279-2690144?pd_rd_w=jBX3v&content-id=amzn1.sym.6640a844-ab24-4352-ac9b-78899e683a5e&pf_rd_p=6640a844-ab24-4352-ac9b-78899e683a5e&pf_rd_r=8PJF5C5K02K4NBQ02YRM&pd_rd_wg=arf7O&pd_rd_r=a4ea5dda-37ce-4956-965f-5c2a68487a3e&pd_rd_i=B0757S7M3V&psc=1","false","false","true","5",,,"B0757S7M3V","B0757S7M3V","5",,"Although I found it difficult to find the download after purchase, I have been using Print Artist for many many years.  Yes, some of the ways to access things have changed, the product works the same as it has in the past.  I do like it, and would recommend it to anyone who wants to be able to make all kinds of banners, cards, etc.  and personalize them.","R24NN1IAOU6R2V",,"8 people found this helpful","Good!","https://www.amazon.com/gp/customer-reviews/R24NN1IAOU6R2V/ref=cm_cr_dp_d_rvw_ttl?ie=UTF8&ASIN=B0757S7M3V","Reviewed in the United States on October 28, 2022",,,"amzn1.account.AFV6DW2TEAXEXN4MESETOHI5UTMQ","https://www.amazon.com/gp/profile/amzn1.account.AFV6DW2TEAXEXN4MESETOHI5UTMQ/ref=cm_cr_dp_d_gw_tr?ie=UTF8","","B0757S7M3V",,,,
"United States",,"2023-06-29",,"allStars","https://www.amazon.com/Print-Artist-25-Platinum-Download/dp/B0757S7M3V/ref=pd_rhf_ee_s_pd_sbs_rvi_d_sccl_1_14/132-8474279-2690144?pd_rd_w=jBX3v&content-id=amzn1.sym.6640a844-ab24-4352-ac9b-78899e683a5e&pf_rd_p=6640a844-ab24-4352-ac9b-78899e683a5e&pf_rd_r=8PJF5C5K02K4NBQ02YRM&pd_rd_wg=arf7O&pd_rd_r=a4ea5dda-37ce-4956-965f-5c2a68487a3e&pd_rd_i=B0757S7M3V&psc=1","false","false","true","6",,,"B0757S7M3V","B0757S7M3V","5",,"I really like how the program works and how easy it was to download and install.","R2SYQR5SWVWMO8",,"One person found this helpful","Great Product","https://www.amazon.com/gp/customer-reviews/R2SYQR5SWVWMO8/ref=cm_cr_dp_d_rvw_ttl?ie=UTF8&ASIN=B0757S7M3V","Reviewed in the United States on June 29, 2023",,,"amzn1.account.AHOWIYKXCQRESWBJAQDQ6CCYC55A","https://www.amazon.com/gp/profile/amzn1.account.AHOWIYKXCQRESWBJAQDQ6CCYC55A/ref=cm_cr_dp_d_gw_tr?ie=UTF8","","B0757S7M3V",,,,
"United States",,"2021-11-03",,"allStars","https://www.amazon.com/Print-Artist-25-Platinum-Download/dp/B0757S7M3V/ref=pd_rhf_ee_s_pd_sbs_rvi_d_sccl_1_14/132-8474279-2690144?pd_rd_w=jBX3v&content-id=amzn1.sym.6640a844-ab24-4352-ac9b-78899e683a5e&pf_rd_p=6640a844-ab24-4352-ac9b-78899e683a5e&pf_rd_r=8PJF5C5K02K4NBQ02YRM&pd_rd_wg=arf7O&pd_rd_r=a4ea5dda-37ce-4956-965f-5c2a68487a3e&pd_rd_i=B0757S7M3V&psc=1","false","false","true","7",,,"B0757S7M3V","B0757S7M3V","5",,"I've used this program for years. New computer required a download. Meets my needs for scanning and editing pictures, I'm not a professional photographer or artist and don't require complex programs. I make lots of cards, ATCs and other papercraft items. This gives me the ability to resize items and type to fit the projects I'm on. It's probably good for someone starting out that would have difficulty understanding complex, professional programs.","R22F51R1U10HQP",,"8 people found this helpful","perfect for home artist","https://www.amazon.com/gp/customer-reviews/R22F51R1U10HQP/ref=cm_cr_dp_d_rvw_ttl?ie=UTF8&ASIN=B0757S7M3V","Reviewed in the United States on November 3, 2021",,,"amzn1.account.AHG4OWNTNEKF6HTI452X6RF4V4XA","https://www.amazon.com/gp/profile/amzn1.account.AHG4OWNTNEKF6HTI452X6RF4V4XA/ref=cm_cr_dp_d_gw_tr?ie=UTF8","","B0757S7M3V",,,,
"United States",,"2022-03-17",,"allStars","https://www.amazon.com/Print-Artist-25-Platinum-Download/dp/B0757S7M3V/ref=pd_rhf_ee_s_pd_sbs_rvi_d_sccl_1_14/132-8474279-2690144?pd_rd_w=jBX3v&content-id=amzn1.sym.6640a844-ab24-4352-ac9b-78899e683a5e&pf_rd_p=6640a844-ab24-4352-ac9b-78899e683a5e&pf_rd_r=8PJF5C5K02K4NBQ02YRM&pd_rd_wg=arf7O&pd_rd_r=a4ea5dda-37ce-4956-965f-5c2a68487a3e&pd_rd_i=B0757S7M3V&psc=1","false","false","true","8",,,"B0757S7M3V","B0757S7M3V","4",,"This software will enable me to do some wonderful craft project such as, cards, scrapbooking, etc.","R84WCHHJ7DB0A",,"4 people found this helpful","What I had expected!","https://www.amazon.com/gp/customer-reviews/R84WCHHJ7DB0A/ref=cm_cr_dp_d_rvw_ttl?ie=UTF8&ASIN=B0757S7M3V","Reviewed in the United States on March 17, 2022",,,"amzn1.account.AHE344VE6GRB25M3S5YD42ZN57UQ","https://www.amazon.com/gp/profile/amzn1.account.AHE344VE6GRB25M3S5YD42ZN57UQ/ref=cm_cr_dp_d_gw_tr?ie=UTF8","","B0757S7M3V",,,,
"United States",,"2025-05-26",,"allStars","https://www.amazon.com/VideoPad-Video-Editor-Free-Transitions/dp/B06XHS8HDM/ref=pd_rhf_ee_s_pd_sbs_rvi_d_sccl_1_19/132-8474279-2690144?pd_rd_w=jBX3v&content-id=amzn1.sym.6640a844-ab24-4352-ac9b-78899e683a5e&pf_rd_p=6640a844-ab24-4352-ac9b-78899e683a5e&pf_rd_r=8PJF5C5K02K4NBQ02YRM&pd_rd_wg=arf7O&pd_rd_r=a4ea5dda-37ce-4956-965f-5c2a68487a3e&pd_rd_i=B06XHS8HDM&th=1","false","false","true","1",,,"B06XHS8HDM","B06XHS8HDM","5",,"Great customer service and great produce.","R1OW8E41W5CHRB",,,"Just what we needed","https://www.amazon.com/gp/customer-reviews/R1OW8E41W5CHRB/ref=cm_cr_dp_d_rvw_ttl?ie=UTF8&ASIN=B06XHS8HDM","Reviewed in the United States on May 26, 2025",,,"amzn1.account.AFVGU65CCGQBMK72ZPLODAKC4QMA","https://www.amazon.com/gp/profile/amzn1.account.AFVGU65CCGQBMK72ZPLODAKC4QMA/ref=cm_cr_dp_d_gw_tr?ie=UTF8","Platform: Free PC Download","B06XHS8HDM","Platform","Free PC Download",,
"United States",,"2019-03-13",,"allStars","https://www.amazon.com/VideoPad-Video-Editor-Free-Transitions/dp/B06XHS8HDM/ref=pd_rhf_ee_s_pd_sbs_rvi_d_sccl_1_19/132-8474279-2690144?pd_rd_w=jBX3v&content-id=amzn1.sym.6640a844-ab24-4352-ac9b-78899e683a5e&pf_rd_p=6640a844-ab24-4352-ac9b-78899e683a5e&pf_rd_r=8PJF5C5K02K4NBQ02YRM&pd_rd_wg=arf7O&pd_rd_r=a4ea5dda-37ce-4956-965f-5c2a68487a3e&pd_rd_i=B06XHS8HDM&th=1","false","false","true","2",,,"B06XHS8HDM","B06XHS8HDM","1",,"To post this software as free is misleading. To make anyone create a video with it only to discover they cannot export and save their work on their computer or share to the internet - except they pay for a licensed version - is not inappropriate but annoying!After downloading it on amazon thinking it was free, I went on to create a video. However, when I wanted to export my video, a message popped up prompting me to pay for the licensed copy in order to export my video. I ignored the message and continued to export. The exported video came out blocked, and I could not see anything!I was compelled to pay for a 3 months subscription in order not waste the efforts I put into creating that video. Still, after getting the licensed version, I only exported one video. My subsequent efforts to export another video I created are giving me blocked content in the output like I got when I had not paid for the supposedly free version.Amazon should either take down this post, or inform their customers that this is only a trial version. I hate marketing by gimmicks!","R2RQ2AH7IH72DX",,"74 people found this helpful","Misleading Post","https://www.amazon.com/gp/customer-reviews/R2RQ2AH7IH72DX/ref=cm_cr_dp_d_rvw_ttl?ie=UTF8&ASIN=B06XHS8HDM","Reviewed in the United States on March 13, 2019",,,"amzn1.account.AHOK5I3HS5PMFJTAZU5H2WOR52FQ","https://www.amazon.com/gp/profile/amzn1.account.AHOK5I3HS5PMFJTAZU5H2WOR52FQ/ref=cm_cr_dp_d_gw_tr?ie=UTF8","Platform: Free PC Download","B06XHS8HDM","Platform","Free PC Download",,
"United States",,"2025-05-20",,"allStars","https://www.amazon.com/VideoPad-Video-Editor-Free-Transitions/dp/B06XHS8HDM/ref=pd_rhf_ee_s_pd_sbs_rvi_d_sccl_1_19/132-8474279-2690144?pd_rd_w=jBX3v&content-id=amzn1.sym.6640a844-ab24-4352-ac9b-78899e683a5e&pf_rd_p=6640a844-ab24-4352-ac9b-78899e683a5e&pf_rd_r=8PJF5C5K02K4NBQ02YRM&pd_rd_wg=arf7O&pd_rd_r=a4ea5dda-37ce-4956-965f-5c2a68487a3e&pd_rd_i=B06XHS8HDM&th=1","false","false","true","3",,,"B06XHS8HDM","B06XHS8HDM","5",,"As described and handy to have","R1WW4B28UD7L04",,,"Very very happy purchase","https://www.amazon.com/gp/customer-reviews/R1WW4B28UD7L04/ref=cm_cr_dp_d_rvw_ttl?ie=UTF8&ASIN=B06XHS8HDM","Reviewed in the United States on May 20, 2025",,,"amzn1.account.AFDS7HXK3JKUMM3SEL3KQFUEXICQ","https://www.amazon.com/gp/profile/amzn1.account.AFDS7HXK3JKUMM3SEL3KQFUEXICQ/ref=cm_cr_dp_d_gw_tr?ie=UTF8","Platform: Free PC Download","B06XHS8HDM","Platform","Free PC Download",,
"United States",,"2024-11-24",,"allStars","https://www.amazon.com/VideoPad-Video-Editor-Free-Transitions/dp/B06XHS8HDM/ref=pd_rhf_ee_s_pd_sbs_rvi_d_sccl_1_19/132-8474279-2690144?pd_rd_w=jBX3v&content-id=amzn1.sym.6640a844-ab24-4352-ac9b-78899e683a5e&pf_rd_p=6640a844-ab24-4352-ac9b-78899e683a5e&pf_rd_r=8PJF5C5K02K4NBQ02YRM&pd_rd_wg=arf7O&pd_rd_r=a4ea5dda-37ce-4956-965f-5c2a68487a3e&pd_rd_i=B06XHS8HDM&th=1","false","false","true","4",,,"B06XHS8HDM","B06XHS8HDM","3",,"Just a temp freebie that doesn't install everything correctly. And you have to purchase it after a certain time. I deleted mine!","R3V4MQFJ0AZ09X",,"One person found this helpful","Temp Freebie","https://www.amazon.com/gp/customer-reviews/R3V4MQFJ0AZ09X/ref=cm_cr_dp_d_rvw_ttl?ie=UTF8&ASIN=B06XHS8HDM","Reviewed in the United States on November 24, 2024",,,"amzn1.account.AHRSDAF4DLHNRQKHUAMFGHO73VEQ","https://www.amazon.com/gp/profile/amzn1.account.AHRSDAF4DLHNRQKHUAMFGHO73VEQ/ref=cm_cr_dp_d_gw_tr?ie=UTF8","Platform: Free PC Download","B06XHS8HDM","Platform","Free PC Download",,
"United States",,"2024-02-12",,"allStars","https://www.amazon.com/VideoPad-Video-Editor-Free-Transitions/dp/B06XHS8HDM/ref=pd_rhf_ee_s_pd_sbs_rvi_d_sccl_1_19/132-8474279-2690144?pd_rd_w=jBX3v&content-id=amzn1.sym.6640a844-ab24-4352-ac9b-78899e683a5e&pf_rd_p=6640a844-ab24-4352-ac9b-78899e683a5e&pf_rd_r=8PJF5C5K02K4NBQ02YRM&pd_rd_wg=arf7O&pd_rd_r=a4ea5dda-37ce-4956-965f-5c2a68487a3e&pd_rd_i=B06XHS8HDM&th=1","false","false","true","5",,,"B06XHS8HDM","B06XHS8HDM","4",,"I picked this up for video editing.  It's a good beginner editor.  There are many tutorials and videos on youtube to show you have to use the features.I ended up purchasing the license to unlock some features.","R38RE47VUOAK3G",,"2 people found this helpful","VideoPad Video Editor","https://www.amazon.com/gp/customer-reviews/R38RE47VUOAK3G/ref=cm_cr_dp_d_rvw_ttl?ie=UTF8&ASIN=B06XHS8HDM","Reviewed in the United States on February 12, 2024",,,"amzn1.account.AGYXNUNE4MASSCH4OGREECUSW3XA","https://www.amazon.com/gp/profile/amzn1.account.AGYXNUNE4MASSCH4OGREECUSW3XA/ref=cm_cr_dp_d_gw_tr?ie=UTF8","Platform: Free PC Download","B06XHS8HDM","Platform","Free PC Download",,
"United States",,"2020-01-27",,"allStars","https://www.amazon.com/VideoPad-Video-Editor-Free-Transitions/dp/B06XHS8HDM/ref=pd_rhf_ee_s_pd_sbs_rvi_d_sccl_1_19/132-8474279-2690144?pd_rd_w=jBX3v&content-id=amzn1.sym.6640a844-ab24-4352-ac9b-78899e683a5e&pf_rd_p=6640a844-ab24-4352-ac9b-78899e683a5e&pf_rd_r=8PJF5C5K02K4NBQ02YRM&pd_rd_wg=arf7O&pd_rd_r=a4ea5dda-37ce-4956-965f-5c2a68487a3e&pd_rd_i=B06XHS8HDM&th=1","false","false","true","6",,,"B06XHS8HDM","B06XHS8HDM","5",,"I was devastated that windows movie maker is not available anymore. I bought several other editing programs (cyber link, sony vegas movie studio, filmora, and a couple others, they were all nearly impossible to learn as quickly as I was anticipating... Even after watching youtube videos which offers tips and tricks and teaches you the ins and outs I was still struggling to feel comfortable and confident using these very expensive softwares. Finally I found video pad and I fell in love, it has much more to offer than windows movie maker and I can navigate through the program quickly and easily. YES you still have to take the time out to learn it! Nothing out there is as easy as WMM but this is as straight forward and easy to learn as its going to get in my own opinion. It could also just be that I am/ was overwhelmed and didn't have the length of time it would take to learn other programs but either way I am in LOVE with videopad! Thanks videopad for not making it a complicated headache just to edit some family vlog footage lol :)","R3SR1P5ZII6JXF",,"14 people found this helpful","A Step Up From Windows Movie Maker!","https://www.amazon.com/gp/customer-reviews/R3SR1P5ZII6JXF/ref=cm_cr_dp_d_rvw_ttl?ie=UTF8&ASIN=B06XHS8HDM","Reviewed in the United States on January 27, 2020",,,"amzn1.account.AGMYLBVH7PGNRZQIWC6GT4RFAOHA","https://www.amazon.com/gp/profile/amzn1.account.AGMYLBVH7PGNRZQIWC6GT4RFAOHA/ref=cm_cr_dp_d_gw_tr?ie=UTF8","Platform: Free PC Download","B06XHS8HDM","Platform","Free PC Download",,
"United States",,"2017-11-13",,"allStars","https://www.amazon.com/VideoPad-Video-Editor-Free-Transitions/dp/B06XHS8HDM/ref=pd_rhf_ee_s_pd_sbs_rvi_d_sccl_1_19/132-8474279-2690144?pd_rd_w=jBX3v&content-id=amzn1.sym.6640a844-ab24-4352-ac9b-78899e683a5e&pf_rd_p=6640a844-ab24-4352-ac9b-78899e683a5e&pf_rd_r=8PJF5C5K02K4NBQ02YRM&pd_rd_wg=arf7O&pd_rd_r=a4ea5dda-37ce-4956-965f-5c2a68487a3e&pd_rd_i=B06XHS8HDM&th=1","false","false","true","7",,,"B06XHS8HDM","B06XHS8HDM","2",,"I read the reviews -- which were pretty mediocre to begin with -- and saw others complain that this FREE program is not free.  I also saw the manufacturer's response saying that this was a mistake.  WELL....it's just happened to me!  I downloaded a short video from my phone and needed to shorten it and the program says I need to upgrade in order to save it and send it out.  They're giving me a ""reduced"" price if I upgrade now.  From $99 down to $69 for their full version.  Then from $60 down to $39 for their less-robust version.  I went to my local computer store this afternoon and they looked it up.Interestingly, when they went to the NCH website, they were offered the lower version for $29!!  What a stinkin' thing to do!  I now need to download another file and send it off TONIGHT --- and have to pay them $39 for the privilege!!!  I don't need anything fancy.  I just need to get videos off my phone and then tweak slightly -- shorten them up, for instance -- before sending them off to others who need it.  NOT happy!","R1TCOC2LPQE70C",,"14 people found this helpful","It's NOT FREE!  It's a TRIAL which locks you out after a month!","https://www.amazon.com/gp/customer-reviews/R1TCOC2LPQE70C/ref=cm_cr_dp_d_rvw_ttl?ie=UTF8&ASIN=B06XHS8HDM","Reviewed in the United States on November 13, 2017",,,"amzn1.account.AE4QH66U7MPLCMK47CPXEBGFYXAA","https://www.amazon.com/gp/profile/amzn1.account.AE4QH66U7MPLCMK47CPXEBGFYXAA/ref=cm_cr_dp_d_gw_tr?ie=UTF8","Platform: Free PC Download","B06XHS8HDM","Platform","Free PC Download",,
"United States",,"2025-02-13",,"allStars","https://www.amazon.com/VideoPad-Video-Editor-Free-Transitions/dp/B06XHS8HDM/ref=pd_rhf_ee_s_pd_sbs_rvi_d_sccl_1_19/132-8474279-2690144?pd_rd_w=jBX3v&content-id=amzn1.sym.6640a844-ab24-4352-ac9b-78899e683a5e&pf_rd_p=6640a844-ab24-4352-ac9b-78899e683a5e&pf_rd_r=8PJF5C5K02K4NBQ02YRM&pd_rd_wg=arf7O&pd_rd_r=a4ea5dda-37ce-4956-965f-5c2a68487a3e&pd_rd_i=B06XHS8HDM&th=1","false","false","true","8",,,"B06XHS8HDM","B06XHS8HDM","5",,"Fantastic program","R3PO7S54YP1TUE",,,"It's Free So Enjoy it!","https://www.amazon.com/gp/customer-reviews/R3PO7S54YP1TUE/ref=cm_cr_dp_d_rvw_ttl?ie=UTF8&ASIN=B06XHS8HDM","Reviewed in the United States on February 13, 2025",,,"amzn1.account.AFVMRP7NPJPGG6CAWQ344EF25MOA","https://www.amazon.com/gp/profile/amzn1.account.AFVMRP7NPJPGG6CAWQ344EF25MOA/ref=cm_cr_dp_d_gw_tr?ie=UTF8","Platform: Free PC Download","B06XHS8HDM","Platform","Free PC Download",,
"United Kingdom",,"2019-01-20",,"allStars","https://www.amazon.com/VideoPad-Video-Editor-Free-Transitions/dp/B06XHS8HDM/ref=pd_rhf_ee_s_pd_sbs_rvi_d_sccl_1_19/132-8474279-2690144?pd_rd_w=jBX3v&content-id=amzn1.sym.6640a844-ab24-4352-ac9b-78899e683a5e&pf_rd_p=6640a844-ab24-4352-ac9b-78899e683a5e&pf_rd_r=8PJF5C5K02K4NBQ02YRM&pd_rd_wg=arf7O&pd_rd_r=a4ea5dda-37ce-4956-965f-5c2a68487a3e&pd_rd_i=B06XHS8HDM&th=1","false","true","true","1",,,"B06XHS8HDM","B06XHS8HDM","5",,"i have been trying to find an easy to use and  effective video editing software for ages,  been so impressed with this that i have  payed for the  unrestricted version within 48hrs  of downloading this try out  version","R2BVMN3SQ7WO77",,,"bought full version",,"Reviewed in the United Kingdom on January 20, 2019",,,,,"Platform: Free PC Download","B06XHS8HDM","Platform","Free PC Download",,
"United Kingdom",,"2018-08-15",,"allStars","https://www.amazon.com/VideoPad-Video-Editor-Free-Transitions/dp/B06XHS8HDM/ref=pd_rhf_ee_s_pd_sbs_rvi_d_sccl_1_19/132-8474279-2690144?pd_rd_w=jBX3v&content-id=amzn1.sym.6640a844-ab24-4352-ac9b-78899e683a5e&pf_rd_p=6640a844-ab24-4352-ac9b-78899e683a5e&pf_rd_r=8PJF5C5K02K4NBQ02YRM&pd_rd_wg=arf7O&pd_rd_r=a4ea5dda-37ce-4956-965f-5c2a68487a3e&pd_rd_i=B06XHS8HDM&th=1","false","true","true","2",,,"B06XHS8HDM","B06XHS8HDM","1",,"To clunky to try using. I think I spent a few minutes on it before I gave up trying.It's worth spending a little money to get even something basic that is useable.You need software that has an accurate timeline that you can EASILY drag and drop video clips on, can edit the clips and move the sequence of clips around on the timeline. Other features are a bonus.This software doesn't even achieve the basics.","R1TJUY0CY6WYGP",,,"Not worth the download even though it is free",,"Reviewed in the United Kingdom on August 15, 2018",,,,,"Platform: Free PC Download","B06XHS8HDM","Platform","Free PC Download",,
"United Kingdom",,"2019-01-14",,"allStars","https://www.amazon.com/VideoPad-Video-Editor-Free-Transitions/dp/B06XHS8HDM/ref=pd_rhf_ee_s_pd_sbs_rvi_d_sccl_1_19/132-8474279-2690144?pd_rd_w=jBX3v&content-id=amzn1.sym.6640a844-ab24-4352-ac9b-78899e683a5e&pf_rd_p=6640a844-ab24-4352-ac9b-78899e683a5e&pf_rd_r=8PJF5C5K02K4NBQ02YRM&pd_rd_wg=arf7O&pd_rd_r=a4ea5dda-37ce-4956-965f-5c2a68487a3e&pd_rd_i=B06XHS8HDM&th=1","false","true","true","3",,,"B06XHS8HDM","B06XHS8HDM","4",,"Video pad is really good for a free to use video creating program. It has all the bare basics, for example shortening video clips, separating sound from video with multiple video and sound channels, appears to be no limit of space to upload clips, sounds and photos. Only thing I have a bugbear with is that it was a bit jumpy after exporting, however that could simply be a settings issue when I exported. Highly recommend, if all you need is something quick and straight forward. I wouldn't recommend it at current for professional use. However if you know more about video editing export may come up shaper and smoother. I'm yet to see this.","R1H64CBEJMHBAB",,,"Good, simple, easy to use home video creator.",,"Reviewed in the United Kingdom on January 14, 2019",,,,,"Platform: Free PC Download","B06XHS8HDM","Platform","Free PC Download",,
"United Kingdom",,"2018-06-12",,"allStars","https://www.amazon.com/VideoPad-Video-Editor-Free-Transitions/dp/B06XHS8HDM/ref=pd_rhf_ee_s_pd_sbs_rvi_d_sccl_1_19/132-8474279-2690144?pd_rd_w=jBX3v&content-id=amzn1.sym.6640a844-ab24-4352-ac9b-78899e683a5e&pf_rd_p=6640a844-ab24-4352-ac9b-78899e683a5e&pf_rd_r=8PJF5C5K02K4NBQ02YRM&pd_rd_wg=arf7O&pd_rd_r=a4ea5dda-37ce-4956-965f-5c2a68487a3e&pd_rd_i=B06XHS8HDM&th=1","false","true","true","4",,,"B06XHS8HDM","B06XHS8HDM","5",,"Love this software. It has allowed me to make videos for disc and share with family! A lovely way to share memories.","R2QBQ9IWWL2MRJ",,,"A lovely way to share memories",,"Reviewed in the United Kingdom on June 12, 2018",,,,,"Platform: Free PC Download","B06XHS8HDM","Platform","Free PC Download",,
"United Kingdom",,"2019-01-23",,"allStars","https://www.amazon.com/VideoPad-Video-Editor-Free-Transitions/dp/B06XHS8HDM/ref=pd_rhf_ee_s_pd_sbs_rvi_d_sccl_1_19/132-8474279-2690144?pd_rd_w=jBX3v&content-id=amzn1.sym.6640a844-ab24-4352-ac9b-78899e683a5e&pf_rd_p=6640a844-ab24-4352-ac9b-78899e683a5e&pf_rd_r=8PJF5C5K02K4NBQ02YRM&pd_rd_wg=arf7O&pd_rd_r=a4ea5dda-37ce-4956-965f-5c2a68487a3e&pd_rd_i=B06XHS8HDM&th=1","false","true","true","5",,,"B06XHS8HDM","B06XHS8HDM","3",,"Easy to use  and overall good software what made me give it 3 stars was you need to purchase a licence before you can save the project in a format you want e.g. MP4. This was not mentioned and I look back at amazons ad and still cannot find any reference to this. So down load this as a free trial and if you like it you can get the licence.","ROZH8NLMDEWGW",,"One person found this helpful","To save your project as MP4 you need to purchase a licence",,"Reviewed in the United Kingdom on January 23, 2019",,,,,"Platform: Free PC Download","B06XHS8HDM","Platform","Free PC Download",,
"United States",,"2023-01-18",,"allStars","https://www.amazon.com/The-Print-Shop-Mac-Download/dp/B08Q2M35WM/ref=pd_rhf_ee_s_pd_sbs_rvi_d_sccl_1_17/132-8474279-2690144?pd_rd_w=jBX3v&content-id=amzn1.sym.6640a844-ab24-4352-ac9b-78899e683a5e&pf_rd_p=6640a844-ab24-4352-ac9b-78899e683a5e&pf_rd_r=8PJF5C5K02K4NBQ02YRM&pd_rd_wg=arf7O&pd_rd_r=a4ea5dda-37ce-4956-965f-5c2a68487a3e&pd_rd_i=B08Q2M35WM&psc=1","false","false","true","1",,,"B08Q2M35WM","B08Q2M35WM","1",,"no documentation.  ""Users Guide"" is nothing but a list of the software they have for sale.  The videos are useless.This is not the Print Shop i've been using since 2013.Besides being completely non-intuitive, the print quality is awful: blurry, fuzzy.A complete waste of money & time.How did a great program transform into garbage.","R2O4YTMCRJFNN7",,"6 people found this helpful","Awful. impossible to use.  Low quality print","https://www.amazon.com/gp/customer-reviews/R2O4YTMCRJFNN7/ref=cm_cr_dp_d_rvw_ttl?ie=UTF8&ASIN=B08Q2M35WM","Reviewed in the United States on January 18, 2023",,,"amzn1.account.AEPUYNDR4DY27VUB4TILPQT5OB7A","https://www.amazon.com/gp/profile/amzn1.account.AEPUYNDR4DY27VUB4TILPQT5OB7A/ref=cm_cr_dp_d_gw_tr?ie=UTF8","","B08Q2M35WM",,,,
"United States",,"2023-10-25",,"allStars","https://www.amazon.com/The-Print-Shop-Mac-Download/dp/B08Q2M35WM/ref=pd_rhf_ee_s_pd_sbs_rvi_d_sccl_1_17/132-8474279-2690144?pd_rd_w=jBX3v&content-id=amzn1.sym.6640a844-ab24-4352-ac9b-78899e683a5e&pf_rd_p=6640a844-ab24-4352-ac9b-78899e683a5e&pf_rd_r=8PJF5C5K02K4NBQ02YRM&pd_rd_wg=arf7O&pd_rd_r=a4ea5dda-37ce-4956-965f-5c2a68487a3e&pd_rd_i=B08Q2M35WM&psc=1","false","false","true","2",,,"B08Q2M35WM","B08Q2M35WM","1",,"Downloads fine, installs, but once you create something you can’t print. A dialogue box keeps asking for a key the the one supplied doesn’t work. Support keeps telling me to do the same thing over and over, which is a waste of time!!! Really wasted my $$ and time on this. AND since I didn’t purchase through the company, they don’t do refunds!! And I don’t see that as an option here on Amazon.","RM9S72OCDOHTO",,"4 people found this helpful","Doesn’t work!!","https://www.amazon.com/gp/customer-reviews/RM9S72OCDOHTO/ref=cm_cr_dp_d_rvw_ttl?ie=UTF8&ASIN=B08Q2M35WM","Reviewed in the United States on October 25, 2023",,,"amzn1.account.AH35PMVNETSWNZ5MIZW5R7FHL4IQ","https://www.amazon.com/gp/profile/amzn1.account.AH35PMVNETSWNZ5MIZW5R7FHL4IQ/ref=cm_cr_dp_d_gw_tr?ie=UTF8","","B08Q2M35WM",,,,
"United States",,"2021-06-30",,"allStars","https://www.amazon.com/The-Print-Shop-Mac-Download/dp/B08Q2M35WM/ref=pd_rhf_ee_s_pd_sbs_rvi_d_sccl_1_17/132-8474279-2690144?pd_rd_w=jBX3v&content-id=amzn1.sym.6640a844-ab24-4352-ac9b-78899e683a5e&pf_rd_p=6640a844-ab24-4352-ac9b-78899e683a5e&pf_rd_r=8PJF5C5K02K4NBQ02YRM&pd_rd_wg=arf7O&pd_rd_r=a4ea5dda-37ce-4956-965f-5c2a68487a3e&pd_rd_i=B08Q2M35WM&psc=1","false","false","false","3",,,"B08Q2M35WM","B08Q2M35WM","5",,"Glad to see this product can finally support current Mac OS.  Comes with tons of clip arts and ready made templates.  Future updates with support for vector image will be nice!","R3A4KCHQ3FNWPD",,"5 people found this helpful","Finally can use on Mac Big Sur and Catalina OS","https://www.amazon.com/gp/customer-reviews/R3A4KCHQ3FNWPD/ref=cm_cr_dp_d_rvw_ttl?ie=UTF8&ASIN=B08Q2M35WM","Reviewed in the United States on June 30, 2021",,,"amzn1.account.AFBSHW4TCKWAO67CB7TDAS2WEKYA","https://www.amazon.com/gp/profile/amzn1.account.AFBSHW4TCKWAO67CB7TDAS2WEKYA/ref=cm_cr_dp_d_gw_tr?ie=UTF8","","B08Q2M35WM",,,,
"United States",,"2023-03-04",,"allStars","https://www.amazon.com/The-Print-Shop-Mac-Download/dp/B08Q2M35WM/ref=pd_rhf_ee_s_pd_sbs_rvi_d_sccl_1_17/132-8474279-2690144?pd_rd_w=jBX3v&content-id=amzn1.sym.6640a844-ab24-4352-ac9b-78899e683a5e&pf_rd_p=6640a844-ab24-4352-ac9b-78899e683a5e&pf_rd_r=8PJF5C5K02K4NBQ02YRM&pd_rd_wg=arf7O&pd_rd_r=a4ea5dda-37ce-4956-965f-5c2a68487a3e&pd_rd_i=B08Q2M35WM&psc=1","false","false","true","4",,,"B08Q2M35WM","B08Q2M35WM","1",,"I purchased this after using PSD on my Mac for years.  My OS stopped supporting the older version.  This is NOT the same program!  Encore (who previously licensed the name to the previous developer  I was told by the lady at the 800 #) doesn't even offer any kind of support except by email.  The help function is a joke and a forum page page their website refers you to does not exist.  The clip art and templates are abysmal and I cannot figure out how to resize photo or text.  A complete and utter waste of money.","R1PEOW1HS08DD",,"4 people found this helpful","Waste of money","https://www.amazon.com/gp/customer-reviews/R1PEOW1HS08DD/ref=cm_cr_dp_d_rvw_ttl?ie=UTF8&ASIN=B08Q2M35WM","Reviewed in the United States on March 4, 2023",,,"amzn1.account.AGQNBQVXJGI5TBD54Y2CO2HWFW3Q","https://www.amazon.com/gp/profile/amzn1.account.AGQNBQVXJGI5TBD54Y2CO2HWFW3Q/ref=cm_cr_dp_d_gw_tr?ie=UTF8","","B08Q2M35WM",,,,
"United States",,"2023-12-17",,"allStars","https://www.amazon.com/The-Print-Shop-Mac-Download/dp/B08Q2M35WM/ref=pd_rhf_ee_s_pd_sbs_rvi_d_sccl_1_17/132-8474279-2690144?pd_rd_w=jBX3v&content-id=amzn1.sym.6640a844-ab24-4352-ac9b-78899e683a5e&pf_rd_p=6640a844-ab24-4352-ac9b-78899e683a5e&pf_rd_r=8PJF5C5K02K4NBQ02YRM&pd_rd_wg=arf7O&pd_rd_r=a4ea5dda-37ce-4956-965f-5c2a68487a3e&pd_rd_i=B08Q2M35WM&psc=1","false","false","true","5",,,"B08Q2M35WM","B08Q2M35WM","2",,"Lousy graphics. Hard to use. Nothing like the original. Wasted my money on this.","RE91ZE3EGO77N",,,"Not worth paying for this","https://www.amazon.com/gp/customer-reviews/RE91ZE3EGO77N/ref=cm_cr_dp_d_rvw_ttl?ie=UTF8&ASIN=B08Q2M35WM","Reviewed in the United States on December 17, 2023",,,"amzn1.account.AGJ6LPHUQZZUM3565TX2WR2KJNCA","https://www.amazon.com/gp/profile/amzn1.account.AGJ6LPHUQZZUM3565TX2WR2KJNCA/ref=cm_cr_dp_d_gw_tr?ie=UTF8","","B08Q2M35WM",,,,
"United States",,"2024-08-01",,"allStars","https://www.amazon.com/The-Print-Shop-Mac-Download/dp/B08Q2M35WM/ref=pd_rhf_ee_s_pd_sbs_rvi_d_sccl_1_17/132-8474279-2690144?pd_rd_w=jBX3v&content-id=amzn1.sym.6640a844-ab24-4352-ac9b-78899e683a5e&pf_rd_p=6640a844-ab24-4352-ac9b-78899e683a5e&pf_rd_r=8PJF5C5K02K4NBQ02YRM&pd_rd_wg=arf7O&pd_rd_r=a4ea5dda-37ce-4956-965f-5c2a68487a3e&pd_rd_i=B08Q2M35WM&psc=1","false","false","true","6",,,"B08Q2M35WM","B08Q2M35WM","1",,"I had Printmaster on my PC but have changed to a MAC. This PrintShop program is NOT user friendly, You cannot write text without having to rewrite over and over. This program DOES NOT WORK! And I can't return it.I wish I had paid more attention to the reviews.","RURTEOOKM50YJ",,"2 people found this helpful","Horrible","https://www.amazon.com/gp/customer-reviews/RURTEOOKM50YJ/ref=cm_cr_dp_d_rvw_ttl?ie=UTF8&ASIN=B08Q2M35WM","Reviewed in the United States on August 1, 2024",,,"amzn1.account.AH6AU4IGNSTYVUNUMOUCJPPP7IWQ","https://www.amazon.com/gp/profile/amzn1.account.AH6AU4IGNSTYVUNUMOUCJPPP7IWQ/ref=cm_cr_dp_d_gw_tr?ie=UTF8","","B08Q2M35WM",,,,
"United States",,"2022-12-14",,"allStars","https://www.amazon.com/The-Print-Shop-Mac-Download/dp/B08Q2M35WM/ref=pd_rhf_ee_s_pd_sbs_rvi_d_sccl_1_17/132-8474279-2690144?pd_rd_w=jBX3v&content-id=amzn1.sym.6640a844-ab24-4352-ac9b-78899e683a5e&pf_rd_p=6640a844-ab24-4352-ac9b-78899e683a5e&pf_rd_r=8PJF5C5K02K4NBQ02YRM&pd_rd_wg=arf7O&pd_rd_r=a4ea5dda-37ce-4956-965f-5c2a68487a3e&pd_rd_i=B08Q2M35WM&psc=1","false","false","true","7",,,"B08Q2M35WM","B08Q2M35WM","4",,"I had no problem downloading the program. I was worried since I have a new Mac that runs Ventura but it works fine on it.It is definitely not as user friendly as the old version but I think it will be easy enough to figure out. I think the images on the old version were better too.It will work fine for what I use it for.","R22RE2R01FA5KP",,"5 people found this helpful","Not like the original Print Shop","https://www.amazon.com/gp/customer-reviews/R22RE2R01FA5KP/ref=cm_cr_dp_d_rvw_ttl?ie=UTF8&ASIN=B08Q2M35WM","Reviewed in the United States on December 14, 2022",,,"amzn1.account.AGVLVEVINEBNIHUFDV7GRY3F3Z2Q","https://www.amazon.com/gp/profile/amzn1.account.AGVLVEVINEBNIHUFDV7GRY3F3Z2Q/ref=cm_cr_dp_d_gw_tr?ie=UTF8","","B08Q2M35WM",,,,
"United States",,"2022-02-24",,"allStars","https://www.amazon.com/The-Print-Shop-Mac-Download/dp/B08Q2M35WM/ref=pd_rhf_ee_s_pd_sbs_rvi_d_sccl_1_17/132-8474279-2690144?pd_rd_w=jBX3v&content-id=amzn1.sym.6640a844-ab24-4352-ac9b-78899e683a5e&pf_rd_p=6640a844-ab24-4352-ac9b-78899e683a5e&pf_rd_r=8PJF5C5K02K4NBQ02YRM&pd_rd_wg=arf7O&pd_rd_r=a4ea5dda-37ce-4956-965f-5c2a68487a3e&pd_rd_i=B08Q2M35WM&psc=1","false","false","true","8",,,"B08Q2M35WM","B08Q2M35WM","3",,"The latest version of The Print Shop is way too difficult. The tutorials are okay but more details would be better. I used an older version for years and it was a lot easier even though it wasn’t that versatile. I’m not done learning it but so far it’s just okay. I’m sure someone who is more experienced than I am would have a lot more good things to say.","RV1Y4FN7D0E7X",,"4 people found this helpful","More Complicated Than Before","https://www.amazon.com/gp/customer-reviews/RV1Y4FN7D0E7X/ref=cm_cr_dp_d_rvw_ttl?ie=UTF8&ASIN=B08Q2M35WM","Reviewed in the United States on February 24, 2022",,,"amzn1.account.AHNS2M3FPY4HMHARL6LUGX6FAPRA","https://www.amazon.com/gp/profile/amzn1.account.AHNS2M3FPY4HMHARL6LUGX6FAPRA/ref=cm_cr_dp_d_gw_tr?ie=UTF8","","B08Q2M35WM",,,,
